CohortMonth,CustomerID,TotalRevenue
01-01-2011,12359,6310.03
01-01-2011,12383,1850.56
01-01-2011,12393,1582.6000000000001
01-01-2011,12413,758.1
01-01-2011,12415,124914.53
01-01-2011,12437,4951.41
01-01-2011,12480,3281.63
01-01-2011,12483,2484.98
01-01-2011,12484,4527.32
01-01-2011,12489,334.93
01-01-2011,12500,4257.82
01-01-2011,12501,2169.39
01-01-2011,12523,1789.77
01-01-2011,12524,4485.72
01-01-2011,12530,1662.28
01-01-2011,12539,5568.35
01-01-2011,12540,13400.24
01-01-2011,12601,577.0600000000001
01-01-2011,12643,3344.64
01-01-2011,12651,114.0
01-01-2011,12652,919.98
01-01-2011,12724,1031.41
01-01-2011,12728,836.33
01-01-2011,12735,779.5699999999999
01-01-2011,12736,234.0
01-01-2011,12829,293.0
01-01-2011,12939,11581.8
01-01-2011,12957,4017.54
01-01-2011,12980,7374.900000000001
01-01-2011,13004,5655.91
01-01-2011,13082,3613.63
01-01-2011,13097,6003.22
01-01-2011,13107,1531.6200000000001
01-01-2011,13144,110.95
01-01-2011,13162,1688.29
01-01-2011,13183,3957.78
01-01-2011,13187,236.02
01-01-2011,13225,6463.84
01-01-2011,13233,605.12
01-01-2011,13253,1030.4
01-01-2011,13280,798.46
01-01-2011,13313,1555.32
01-01-2011,13368,623.4
01-01-2011,13397,1544.13
01-01-2011,13426,3641.32
01-01-2011,13451,2898.2599999999998
01-01-2011,13458,9646.57
01-01-2011,13473,422.64
01-01-2011,13534,5870.08
01-01-2011,13565,240.22
01-01-2011,13593,2011.88
01-01-2011,13629,7792.36
01-01-2011,13656,379.65
01-01-2011,13672,186.39000000000001
01-01-2011,13680,3719.12
01-01-2011,13750,1647.26
01-01-2011,13764,1519.42
01-01-2011,13784,2462.79
01-01-2011,13862,2209.36
01-01-2011,14040,3560.32
01-01-2011,14167,562.59
01-01-2011,14185,197.65
01-01-2011,14209,2073.43
01-01-2011,14221,3432.8
01-01-2011,14229,1547.2
01-01-2011,14258,12669.98
01-01-2011,14270,492.65000000000003
01-01-2011,14298,51527.3
01-01-2011,14312,1611.59
01-01-2011,14320,477.79
01-01-2011,14321,1530.75
01-01-2011,14462,1980.57
01-01-2011,14472,1852.67
01-01-2011,14514,990.2
01-01-2011,14553,859.27
01-01-2011,14587,1580.29
01-01-2011,14618,553.44
01-01-2011,14653,1926.65
01-01-2011,14669,1259.24
01-01-2011,14672,765.55
01-01-2011,14715,867.38
01-01-2011,14732,2702.4900000000002
01-01-2011,14755,5010.28
01-01-2011,14761,255.9
01-01-2011,14794,1319.91
01-01-2011,14828,2139.76
01-01-2011,14867,710.28
01-01-2011,14889,135.9
01-01-2011,15034,4274.16
01-01-2011,15046,5090.42
01-01-2011,15059,1337.72
01-01-2011,15139,178.96
01-01-2011,15164,824.58
01-01-2011,15171,1289.5
01-01-2011,15189,16225.39
01-01-2011,15266,119.3
01-01-2011,15281,2332.15
01-01-2011,15326,311.71
01-01-2011,15346,252.42000000000002
01-01-2011,15370,2386.05
01-01-2011,15379,3703.29
01-01-2011,15464,1044.65
01-01-2011,15518,1921.55
01-01-2011,15569,1375.71
01-01-2011,15607,104.76
01-01-2011,15611,1591.45
01-01-2011,15661,309.8
01-01-2011,15719,5030.07
01-01-2011,15727,5159.06
01-01-2011,15749,44534.3
01-01-2011,15799,884.14
01-01-2011,15841,1224.06
01-01-2011,15845,3711.77
01-01-2011,15939,6115.01
01-01-2011,16034,437.7
01-01-2011,16042,1177.47
01-01-2011,16112,195.73999999999998
01-01-2011,16145,3799.4900000000002
01-01-2011,16191,5180.52
01-01-2011,16235,867.31
01-01-2011,16282,168.3
01-01-2011,16303,5360.63
01-01-2011,16326,3039.2200000000003
01-01-2011,16350,1116.47
01-01-2011,16351,153.9
01-01-2011,16359,1750.92
01-01-2011,16473,316.11
01-01-2011,16497,2965.69
01-01-2011,16532,6748.8
01-01-2011,16549,4034.9
01-01-2011,16551,922.12
01-01-2011,16554,837.1
01-01-2011,16567,865.6
01-01-2011,16600,813.52
01-01-2011,16655,3789.52
01-01-2011,16670,4095.9
01-01-2011,16676,1592.1200000000001
01-01-2011,16701,5398.3
01-01-2011,16735,2247.41
01-01-2011,16748,1515.9
01-01-2011,16771,2242.61
01-01-2011,16791,1705.78
01-01-2011,16833,1106.53
01-01-2011,16850,332.41
01-01-2011,16875,2095.53
01-01-2011,16889,1578.67
01-01-2011,17048,925.35
01-01-2011,17095,1324.16
01-01-2011,17114,801.12
01-01-2011,17128,157.09
01-01-2011,17284,1647.48
01-01-2011,17315,6281.23
01-01-2011,17338,6493.54
01-01-2011,17364,4462.68
01-01-2011,17365,4767.36
01-01-2011,17368,1878.87
01-01-2011,17389,31833.68
01-01-2011,17457,1737.7
01-01-2011,17555,480.31
01-01-2011,17569,344.14
01-01-2011,17585,1116.68
01-01-2011,17634,2358.59
01-01-2011,17707,152.4
01-01-2011,17739,2791.35
01-01-2011,17742,355.11
01-01-2011,17800,1187.21
01-01-2011,17811,7761.82
01-01-2011,17849,605.8000000000001
01-01-2011,18032,73.5
01-01-2011,18062,720.52
01-01-2011,18095,580.0500000000001
01-01-2011,18097,2662.4
01-01-2011,18171,1231.31
01-01-2011,18179,1793.17
01-01-2011,18198,5425.56
01-01-2011,18226,5228.05
01-01-2011,18260,2628.35
01-01-2011,18283,2045.53
01-02-2011,12350,334.4
01-02-2011,12373,364.6
01-02-2011,12388,2780.66
01-02-2011,12401,84.3
01-02-2011,12410,693.3299999999999
01-02-2011,12414,562.41
01-02-2011,12462,1189.59
01-02-2011,12464,1212.05
01-02-2011,12477,13219.74
01-02-2011,12502,3723.87
01-02-2011,12559,561.71
01-02-2011,12561,238.85
01-02-2011,12576,1315.83
01-02-2011,12599,1032.58
01-02-2011,12676,1331.39
01-02-2011,12721,2656.13
01-02-2011,12754,3010.74
01-02-2011,12775,1386.04
01-02-2011,12836,2610.36
01-02-2011,12842,1118.99
01-02-2011,12857,1106.4
01-02-2011,12897,216.5
01-02-2011,12929,117.85
01-02-2011,12956,108.07
01-02-2011,12990,409.5
01-02-2011,13098,28882.44
01-02-2011,13110,1488.67
01-02-2011,13133,109.8
01-02-2011,13137,3603.29
01-02-2011,13208,1217.65
01-02-2011,13309,1456.79
01-02-2011,13334,3502.32
01-02-2011,13394,2520.02
01-02-2011,13494,316.26000000000005
01-02-2011,13539,631.34
01-02-2011,13581,118.0
01-02-2011,13584,142.4
01-02-2011,13590,1981.92
01-02-2011,13606,276.75
01-02-2011,13706,330.79
01-02-2011,13725,1980.56
01-02-2011,13728,1016.14
01-02-2011,13800,558.32
01-02-2011,13802,4599.42
01-02-2011,13809,155.05
01-02-2011,13819,1140.35
01-02-2011,13824,1698.94
01-02-2011,13871,6403.25
01-02-2011,13873,389.6
01-02-2011,13875,1786.79
01-02-2011,13881,17159.52
01-02-2011,13894,564.62
01-02-2011,13911,2580.91
01-02-2011,13939,568.55
01-02-2011,13955,322.96
01-02-2011,14044,646.42
01-02-2011,14048,409.93
01-02-2011,14127,709.71
01-02-2011,14188,2054.36
01-02-2011,14194,11349.52
01-02-2011,14233,1462.72
01-02-2011,14309,2352.53
01-02-2011,14410,1100.27
01-02-2011,14411,1063.0
01-02-2011,14415,5855.57
01-02-2011,14431,470.36
01-02-2011,14438,131.9
01-02-2011,14457,113.64
01-02-2011,14460,434.34
01-02-2011,14465,1038.44
01-02-2011,14475,925.85
01-02-2011,14497,475.37
01-02-2011,14534,4397.3
01-02-2011,14540,952.66
01-02-2011,14549,289.24
01-02-2011,14555,312.54
01-02-2011,14560,2237.77
01-02-2011,14562,5006.77
01-02-2011,14600,393.33000000000004
01-02-2011,14646,280206.02
01-02-2011,14665,1835.7
01-02-2011,14735,6065.69
01-02-2011,14778,730.86
01-02-2011,14798,173.74
01-02-2011,14842,2824.69
01-02-2011,14850,325.75
01-02-2011,15090,381.32
01-02-2011,15114,2760.56
01-02-2011,15133,982.42
01-02-2011,15199,1268.7
01-02-2011,15203,1827.8
01-02-2011,15226,154.41
01-02-2011,15240,1706.57
01-02-2011,15270,2379.49
01-02-2011,15406,510.71000000000004
01-02-2011,15407,1046.74
01-02-2011,15421,950.36
01-02-2011,15550,575.63
01-02-2011,15577,258.88
01-02-2011,15589,478.53000000000003
01-02-2011,15687,2993.1
01-02-2011,15753,79.2
01-02-2011,15781,345.46
01-02-2011,15796,2708.61
01-02-2011,15797,2207.4
01-02-2011,15809,515.77
01-02-2011,15843,118.95000000000002
01-02-2011,15854,2969.12
01-02-2011,15885,379.35
01-02-2011,15940,35.8
01-02-2011,15970,314.1
01-02-2011,15971,4199.85
01-02-2011,15981,3408.48
01-02-2011,16027,934.62
01-02-2011,16030,331.24
01-02-2011,16037,855.02
01-02-2011,16109,611.88
01-02-2011,16110,1320.95
01-02-2011,16156,3092.04
01-02-2011,16321,373.65000000000003
01-02-2011,16332,1582.8
01-02-2011,16333,26626.8
01-02-2011,16378,362.95
01-02-2011,16405,167.25
01-02-2011,16419,958.71
01-02-2011,16425,302.7
01-02-2011,16458,3482.7400000000002
01-02-2011,16515,1624.14
01-02-2011,16553,5719.82
01-02-2011,16570,3738.4
01-02-2011,16607,3347.71
01-02-2011,16612,1187.66
01-02-2011,16684,66653.56
01-02-2011,16686,2959.88
01-02-2011,16705,14034.99
01-02-2011,16711,1651.03
01-02-2011,16716,901.2
01-02-2011,16745,7180.7
01-02-2011,16842,1264.19
01-02-2011,16938,2711.6800000000003
01-02-2011,16945,4345.5
01-02-2011,16951,1277.75
01-02-2011,16997,702.0
01-02-2011,16998,295.0
01-02-2011,17035,433.53000000000003
01-02-2011,17071,2429.03
01-02-2011,17083,1405.78
01-02-2011,17105,665.78
01-02-2011,17147,1714.59
01-02-2011,17162,1715.46
01-02-2011,17214,1059.1200000000001
01-02-2011,17226,393.49
01-02-2011,17230,3638.41
01-02-2011,17291,550.8000000000001
01-02-2011,17293,1854.06
01-02-2011,17302,1135.63
01-02-2011,17314,2527.92
01-02-2011,17334,307.02
01-02-2011,17337,1981.06
01-02-2011,17356,178.22
01-02-2011,17358,360.81
01-02-2011,17362,312.23
01-02-2011,17376,203.2
01-02-2011,17392,417.27
01-02-2011,17446,120.9
01-02-2011,17507,605.58
01-02-2011,17512,2924.9900000000002
01-02-2011,17517,153.94
01-02-2011,17537,887.67
01-02-2011,17560,854.95
01-02-2011,17609,1105.78
01-02-2011,17613,4544.55
01-02-2011,17672,3178.17
01-02-2011,17686,5739.46
01-02-2011,17692,740.9399999999999
01-02-2011,17705,1823.52
01-02-2011,17774,1213.73
01-02-2011,17843,205.48
01-02-2011,17848,901.1999999999999
01-02-2011,17859,141.92000000000002
01-02-2011,17881,133.35000000000002
01-02-2011,17929,843.0
01-02-2011,17940,4020.04
01-02-2011,18017,523.0
01-02-2011,18075,2611.75
01-02-2011,18093,2106.52
01-02-2011,18159,530.15
01-02-2011,18202,1396.99
01-02-2011,18230,2810.2000000000003
01-02-2011,18250,349.27
01-03-2011,12352,2506.04
01-03-2011,12370,3541.94
01-03-2011,12417,3649.1
01-03-2011,12428,7956.46
01-03-2011,12520,2634.26
01-03-2011,12528,1933.48
01-03-2011,12541,981.18
01-03-2011,12547,207.79999999999998
01-03-2011,12553,3692.28
01-03-2011,12584,2338.15
01-03-2011,12614,315.6
01-03-2011,12623,305.1
01-03-2011,12679,1113.02
01-03-2011,12727,3980.7
01-03-2011,12758,2791.59
01-03-2011,12759,1531.44
01-03-2011,12817,166.04
01-03-2011,12834,312.38
01-03-2011,12866,559.12
01-03-2011,12873,374.0
01-03-2011,12881,298.0
01-03-2011,12924,933.7
01-03-2011,12933,607.53
01-03-2011,13001,9785.970000000001
01-03-2011,13014,3466.2799999999997
01-03-2011,13026,975.36
01-03-2011,13043,516.42
01-03-2011,13092,477.83
01-03-2011,13166,417.2
01-03-2011,13226,108.21000000000001
01-03-2011,13263,7436.93
01-03-2011,13265,2092.66
01-03-2011,13340,10736.48
01-03-2011,13344,2511.69
01-03-2011,13373,3312.25
01-03-2011,13382,222.99
01-03-2011,13476,1238.47
01-03-2011,13493,618.63
01-03-2011,13502,292.0
01-03-2011,13509,979.72
01-03-2011,13538,1280.85
01-03-2011,13557,584.06
01-03-2011,13654,2707.33
01-03-2011,13722,2375.41
01-03-2011,13884,787.6
01-03-2011,13899,388.52
01-03-2011,13908,2369.55
01-03-2011,13931,1237.53
01-03-2011,13953,3515.68
01-03-2011,13975,2461.2400000000002
01-03-2011,14012,328.8
01-03-2011,14013,473.02
01-03-2011,14056,8152.71
01-03-2011,14057,6211.66
01-03-2011,14064,1334.34
01-03-2011,14077,499.41999999999996
01-03-2011,14112,2915.15
01-03-2011,14114,386.53
01-03-2011,14165,120.44
01-03-2011,14214,1004.38
01-03-2011,14239,2380.85
01-03-2011,14247,136.76999999999998
01-03-2011,14291,3883.25
01-03-2011,14292,4871.93
01-03-2011,14297,1305.33
01-03-2011,14329,4975.24
01-03-2011,14334,2552.21
01-03-2011,14336,1614.91
01-03-2011,14350,282.93
01-03-2011,14352,1078.96
01-03-2011,14367,9227.82
01-03-2011,14407,2157.73
01-03-2011,14426,4481.67
01-03-2011,14447,1163.23
01-03-2011,14473,234.34000000000003
01-03-2011,14483,137.1
01-03-2011,14499,808.44
01-03-2011,14504,673.26
01-03-2011,14507,1367.88
01-03-2011,14524,1843.83
01-03-2011,14570,218.06
01-03-2011,14586,237.36
01-03-2011,14603,660.0
01-03-2011,14620,412.78000000000003
01-03-2011,14645,597.09
01-03-2011,14656,291.05
01-03-2011,14657,848.22
01-03-2011,14662,741.37
01-03-2011,14670,392.86
01-03-2011,14676,2548.2400000000002
01-03-2011,14701,2526.09
01-03-2011,14709,4921.04
01-03-2011,14727,268.58
01-03-2011,14730,1897.57
01-03-2011,14740,1448.21
01-03-2011,14779,386.15
01-03-2011,14803,845.55
01-03-2011,14817,1110.34
01-03-2011,14841,3295.76
01-03-2011,14854,2740.03
01-03-2011,14903,2795.33
01-03-2011,14913,1227.43
01-03-2011,14915,307.48
01-03-2011,14930,2362.96
01-03-2011,14934,1890.94
01-03-2011,14936,8137.02
01-03-2011,14976,790.86
01-03-2011,14995,231.98000000000002
01-03-2011,15026,469.0
01-03-2011,15031,653.19
01-03-2011,15049,121.17000000000002
01-03-2011,15053,693.95
01-03-2011,15057,1489.5
01-03-2011,15067,1744.76
01-03-2011,15071,982.07
01-03-2011,15087,306.94
01-03-2011,15092,457.81
01-03-2011,15104,993.54
01-03-2011,15206,420.29999999999995
01-03-2011,15220,1778.96
01-03-2011,15234,197.0
01-03-2011,15241,1756.44
01-03-2011,15257,317.15
01-03-2011,15290,7943.22
01-03-2011,15308,310.47
01-03-2011,15319,204.5
01-03-2011,15367,1877.59
01-03-2011,15393,231.86
01-03-2011,15400,716.2
01-03-2011,15416,3984.32
01-03-2011,15456,434.59000000000003
01-03-2011,15554,217.2
01-03-2011,15572,2533.42
01-03-2011,15606,2920.16
01-03-2011,15622,3709.56
01-03-2011,15632,3285.31
01-03-2011,15636,724.76
01-03-2011,15641,1887.2
01-03-2011,15643,664.0
01-03-2011,15675,323.69
01-03-2011,15676,3435.76
01-03-2011,15681,1426.16
01-03-2011,15696,2711.11
01-03-2011,15709,133.25
01-03-2011,15733,162.3
01-03-2011,15764,3279.97
01-03-2011,15806,784.58
01-03-2011,15819,1905.45
01-03-2011,15834,2225.15
01-03-2011,15869,149.64
01-03-2011,15944,325.1
01-03-2011,15974,3442.15
01-03-2011,16078,79.2
01-03-2011,16080,217.16
01-03-2011,16128,1880.22
01-03-2011,16136,709.38
01-03-2011,16159,348.2
01-03-2011,16212,690.34
01-03-2011,16217,304.25
01-03-2011,16225,1096.32
01-03-2011,16242,3579.86
01-03-2011,16316,2938.91
01-03-2011,16356,211.77
01-03-2011,16389,1382.07
01-03-2011,16414,126.25
01-03-2011,16426,1863.76
01-03-2011,16449,707.69
01-03-2011,16462,136.0
01-03-2011,16471,223.95000000000002
01-03-2011,16475,544.3
01-03-2011,16495,648.26
01-03-2011,16517,162.7
01-03-2011,16571,1421.69
01-03-2011,16572,1009.6
01-03-2011,16621,813.48
01-03-2011,16625,333.08
01-03-2011,16652,6773.97
01-03-2011,16678,3109.99
01-03-2011,16709,3029.87
01-03-2011,16712,3611.31
01-03-2011,16743,2213.13
01-03-2011,16766,1145.6
01-03-2011,16778,245.94
01-03-2011,16792,110.38000000000001
01-03-2011,16801,1594.23
01-03-2011,16808,288.42
01-03-2011,16915,621.6800000000001
01-03-2011,16917,391.52
01-03-2011,16927,543.05
01-03-2011,16957,416.64
01-03-2011,17001,3989.57
01-03-2011,17027,877.5600000000001
01-03-2011,17049,5655.03
01-03-2011,17050,3185.64
01-03-2011,17092,1774.03
01-03-2011,17107,10797.48
01-03-2011,17138,380.5
01-03-2011,17164,2467.35
01-03-2011,17194,262.62
01-03-2011,17306,8631.31
01-03-2011,17325,96.8
01-03-2011,17351,587.15
01-03-2011,17374,495.77
01-03-2011,17404,31906.82
01-03-2011,17416,6893.42
01-03-2011,17426,5037.26
01-03-2011,17449,2519.21
01-03-2011,17508,387.31
01-03-2011,17535,164.4
01-03-2011,17571,1425.67
01-03-2011,17639,108.5
01-03-2011,17652,4867.72
01-03-2011,17654,117.55
01-03-2011,17700,2534.64
01-03-2011,17730,5298.4800000000005
01-03-2011,17738,1879.05
01-03-2011,17769,3957.43
01-03-2011,17770,1143.27
01-03-2011,17789,225.9
01-03-2011,17817,387.68
01-03-2011,17856,1418.03
01-03-2011,17864,554.85
01-03-2011,17923,207.50000000000003
01-03-2011,17994,674.89
01-03-2011,17995,76.1
01-03-2011,18044,2088.6
01-03-2011,18086,101.34
01-03-2011,18149,612.0799999999999
01-03-2011,18173,2106.84
01-03-2011,18183,632.07
01-03-2011,18211,600.07
01-03-2011,18218,641.92
01-03-2011,18223,6484.54
01-03-2011,18280,180.60000000000002
01-04-2011,12348,1797.24
01-04-2011,12356,2811.43
01-04-2011,12363,552.0
01-04-2011,12423,1859.31
01-04-2011,12447,476.49
01-04-2011,12463,1344.78
01-04-2011,12569,4124.69
01-04-2011,12580,415.7
01-04-2011,12596,618.27
01-04-2011,12669,2744.0299999999997
01-04-2011,12678,17628.46
01-04-2011,12701,797.71
01-04-2011,12705,6868.29
01-04-2011,12717,1030.98
01-04-2011,12744,21279.29
01-04-2011,12854,1316.25
01-04-2011,12877,1535.77
01-04-2011,12901,17654.54
01-04-2011,12910,3075.04
01-04-2011,12928,2062.7000000000003
01-04-2011,12949,4167.22
01-04-2011,12951,1064.07
01-04-2011,12982,390.54
01-04-2011,12999,455.88
01-04-2011,13005,513.7
01-04-2011,13015,3339.64
01-04-2011,13018,7277.7
01-04-2011,13059,183.4
01-04-2011,13124,3756.33
01-04-2011,13157,1741.22
01-04-2011,13169,712.88
01-04-2011,13178,5725.47
01-04-2011,13184,1668.95
01-04-2011,13198,3401.2400000000002
01-04-2011,13203,869.46
01-04-2011,13232,1328.35
01-04-2011,13266,3834.2599999999998
01-04-2011,13268,3174.75
01-04-2011,13294,873.74
01-04-2011,13324,7121.95
01-04-2011,13362,3090.7400000000002
01-04-2011,13462,151.5
01-04-2011,13484,313.8
01-04-2011,13508,110.97
01-04-2011,13515,891.12
01-04-2011,13525,628.78
01-04-2011,13548,678.16
01-04-2011,13549,918.2
01-04-2011,13562,1799.33
01-04-2011,13570,239.49
01-04-2011,13577,1687.6000000000001
01-04-2011,13610,1082.33
01-04-2011,13623,727.74
01-04-2011,13626,257.23
01-04-2011,13630,2031.78
01-04-2011,13632,2118.93
01-04-2011,13634,1547.3600000000001
01-04-2011,13636,949.12
01-04-2011,13655,932.97
01-04-2011,13700,2248.63
01-04-2011,13712,228.84
01-04-2011,13718,306.55
01-04-2011,13731,610.59
01-04-2011,13752,1175.38
01-04-2011,13771,2634.45
01-04-2011,13781,127.84
01-04-2011,13841,85.0
01-04-2011,13846,865.0600000000001
01-04-2011,13863,305.78
01-04-2011,13892,632.97
01-04-2011,13950,745.06
01-04-2011,13956,1019.27
01-04-2011,13962,169.55
01-04-2011,13995,1393.69
01-04-2011,14006,962.19
01-04-2011,14023,584.07
01-04-2011,14111,692.85
01-04-2011,14195,1012.0
01-04-2011,14220,632.4
01-04-2011,14227,3350.96
01-04-2011,14246,1474.06
01-04-2011,14264,333.97
01-04-2011,14273,559.97
01-04-2011,14286,4628.75
01-04-2011,14289,911.26
01-04-2011,14311,310.26
01-04-2011,14326,183.85
01-04-2011,14339,309.52
01-04-2011,14403,1475.81
01-04-2011,14446,1010.35
01-04-2011,14450,483.25
01-04-2011,14535,2854.84
01-04-2011,14541,1453.35
01-04-2011,14546,2573.93
01-04-2011,14616,406.08000000000004
01-04-2011,14619,394.44
01-04-2011,14628,671.96
01-04-2011,14711,2839.62
01-04-2011,14719,1581.84
01-04-2011,14738,1314.45
01-04-2011,14747,328.2
01-04-2011,14844,3189.81
01-04-2011,14852,2836.69
01-04-2011,14886,364.8
01-04-2011,14895,11138.710000000001
01-04-2011,14912,867.85
01-04-2011,14924,310.05
01-04-2011,14958,483.72999999999996
01-04-2011,14961,7044.68
01-04-2011,14964,206.21
01-04-2011,14970,1592.06
01-04-2011,14981,102.12
01-04-2011,14998,414.87
01-04-2011,15058,2102.54
01-04-2011,15109,484.95
01-04-2011,15119,266.4
01-04-2011,15145,1194.73
01-04-2011,15179,2206.95
01-04-2011,15197,1079.6100000000001
01-04-2011,15201,1236.54
01-04-2011,15212,101.8
01-04-2011,15214,1661.44
01-04-2011,15223,755.75
01-04-2011,15244,631.57
01-04-2011,15251,10484.99
01-04-2011,15289,939.78
01-04-2011,15414,774.9000000000001
01-04-2011,15442,594.0
01-04-2011,15482,10879.76
01-04-2011,15493,1953.41
01-04-2011,15521,3000.2
01-04-2011,15530,1497.31
01-04-2011,15615,10399.74
01-04-2011,15655,560.67
01-04-2011,15665,2222.21
01-04-2011,15671,2657.13
01-04-2011,15674,2446.6
01-04-2011,15691,136.8
01-04-2011,15737,1188.1200000000001
01-04-2011,15754,458.57
01-04-2011,15756,528.01
01-04-2011,15775,104.9
01-04-2011,15777,1047.11
01-04-2011,15780,475.28000000000003
01-04-2011,15800,696.89
01-04-2011,15815,2100.6
01-04-2011,15874,4405.88
01-04-2011,15910,1228.88
01-04-2011,15917,123.1
01-04-2011,15932,2495.87
01-04-2011,15935,416.86
01-04-2011,15938,404.58
01-04-2011,16031,547.9
01-04-2011,16043,773.99
01-04-2011,16045,1340.7
01-04-2011,16105,336.96
01-04-2011,16133,14589.04
01-04-2011,16142,535.34
01-04-2011,16144,175.2
01-04-2011,16162,37.4
01-04-2011,16170,1885.05
01-04-2011,16172,1140.21
01-04-2011,16180,10254.18
01-04-2011,16188,981.86
01-04-2011,16209,2262.62
01-04-2011,16214,1062.75
01-04-2011,16224,1295.3
01-04-2011,16261,728.54
01-04-2011,16325,594.24
01-04-2011,16394,1555.34
01-04-2011,16407,2079.68
01-04-2011,16409,2022.98
01-04-2011,16469,625.42
01-04-2011,16556,3313.79
01-04-2011,16586,463.95
01-04-2011,16592,4113.68
01-04-2011,16609,5493.46
01-04-2011,16623,129.45
01-04-2011,16643,487.51
01-04-2011,16672,8134.9400000000005
01-04-2011,16696,657.9000000000001
01-04-2011,16697,112.75
01-04-2011,16729,7205.33
01-04-2011,16837,3170.98
01-04-2011,16843,10196.57
01-04-2011,16906,559.59
01-04-2011,16960,507.05
01-04-2011,16996,1456.96
01-04-2011,17042,1036.58
01-04-2011,17045,339.44
01-04-2011,17054,1356.33
01-04-2011,17133,4892.240000000001
01-04-2011,17140,454.12
01-04-2011,17160,3518.03
01-04-2011,17180,783.97
01-04-2011,17204,1564.56
01-04-2011,17268,763.64
01-04-2011,17278,246.04
01-04-2011,17288,1417.63
01-04-2011,17409,771.85
01-04-2011,17440,186.42000000000002
01-04-2011,17492,374.57
01-04-2011,17550,267.16
01-04-2011,17574,185.65
01-04-2011,17580,215.72
01-04-2011,17611,3961.12
01-04-2011,17629,1814.12
01-04-2011,17648,1797.5
01-04-2011,17669,3406.7200000000003
01-04-2011,17701,417.95
01-04-2011,17716,5655.99
01-04-2011,17719,5396.04
01-04-2011,17725,3439.08
01-04-2011,17744,2322.4
01-04-2011,17758,3408.2000000000003
01-04-2011,17783,283.47
01-04-2011,17799,3039.17
01-04-2011,17883,664.34
01-04-2011,17886,869.28
01-04-2011,17906,72.9
01-04-2011,17928,212.54
01-04-2011,17956,12.75
01-04-2011,17972,135.19
01-04-2011,18008,2116.19
01-04-2011,18036,403.12
01-04-2011,18040,357.20000000000005
01-04-2011,18080,1231.5
01-04-2011,18129,112.55000000000001
01-04-2011,18161,1618.69
01-04-2011,18185,304.25
01-04-2011,18263,1213.1599999999999
01-04-2011,18272,3078.58
01-05-2011,12355,459.4
01-05-2011,12372,1298.04
01-05-2011,12394,1272.48
01-05-2011,12399,1108.65
01-05-2011,12451,9035.52
01-05-2011,12476,6816.42
01-05-2011,12490,5417.93
01-05-2011,12590,9864.26
01-05-2011,12592,437.6
01-05-2011,12593,418.09999999999997
01-05-2011,12598,3023.08
01-05-2011,12625,2683.82
01-05-2011,12645,1775.18
01-05-2011,12649,623.51
01-05-2011,12684,2283.63
01-05-2011,12693,855.91
01-05-2011,12700,4939.99
01-05-2011,12726,2609.1
01-05-2011,12749,4090.88
01-05-2011,12757,7834.650000000001
01-05-2011,12821,92.72
01-05-2011,12840,2726.77
01-05-2011,12843,1702.26
01-05-2011,12867,4009.34
01-05-2011,12886,1378.4
01-05-2011,12888,354.12
01-05-2011,12891,331.0
01-05-2011,12948,2064.95
01-05-2011,12955,4757.16
01-05-2011,12976,738.6
01-05-2011,13003,149.05
01-05-2011,13012,1646.8400000000001
01-05-2011,13021,2616.38
01-05-2011,13037,881.07
01-05-2011,13052,348.15000000000003
01-05-2011,13055,1214.41
01-05-2011,13136,2607.61
01-05-2011,13139,5064.94
01-05-2011,13141,2388.75
01-05-2011,13220,819.2900000000001
01-05-2011,13235,1031.07
01-05-2011,13242,270.40000000000003
01-05-2011,13282,1132.14
01-05-2011,13301,618.09
01-05-2011,13320,1532.2
01-05-2011,13365,2225.37
01-05-2011,13404,252.49
01-05-2011,13427,582.6
01-05-2011,13450,2043.7199999999998
01-05-2011,13475,1431.78
01-05-2011,13477,1454.58
01-05-2011,13487,575.4
01-05-2011,13492,1269.84
01-05-2011,13524,680.1800000000001
01-05-2011,13561,141.85999999999999
01-05-2011,13592,247.95999999999998
01-05-2011,13601,693.32
01-05-2011,13642,312.28
01-05-2011,13662,881.26
01-05-2011,13692,1488.32
01-05-2011,13695,2504.13
01-05-2011,13711,252.06
01-05-2011,13723,199.85000000000002
01-05-2011,13741,668.4300000000001
01-05-2011,13742,3107.87
01-05-2011,13743,1341.6
01-05-2011,13762,306.72
01-05-2011,13835,834.57
01-05-2011,13837,266.59000000000003
01-05-2011,13867,1005.09
01-05-2011,13883,2674.48
01-05-2011,13888,595.67
01-05-2011,13952,3251.071
01-05-2011,13971,2758.26
01-05-2011,13985,7060.13
01-05-2011,13990,311.3
01-05-2011,13999,3901.81
01-05-2011,14000,635.66
01-05-2011,14005,2874.72
01-05-2011,14021,631.9
01-05-2011,14099,3104.17
01-05-2011,14110,5683.15
01-05-2011,14145,3742.2
01-05-2011,14149,446.62
01-05-2011,14173,450.84
01-05-2011,14191,4684.76
01-05-2011,14199,185.39999999999998
01-05-2011,14201,747.44
01-05-2011,14224,1009.73
01-05-2011,14245,1693.45
01-05-2011,14277,4188.0
01-05-2011,14288,426.6
01-05-2011,14304,383.45
01-05-2011,14340,134.7
01-05-2011,14341,2166.98
01-05-2011,14353,90.6
01-05-2011,14364,3717.35
01-05-2011,14393,67.95
01-05-2011,14397,2612.96
01-05-2011,14421,813.11
01-05-2011,14423,265.2
01-05-2011,14515,2076.89
01-05-2011,14591,1320.21
01-05-2011,14649,1402.59
01-05-2011,14651,653.75
01-05-2011,14655,1932.23
01-05-2011,14659,2529.93
01-05-2011,14681,498.95
01-05-2011,14691,2114.33
01-05-2011,14697,188.60999999999999
01-05-2011,14699,109.13000000000001
01-05-2011,14731,380.02
01-05-2011,14776,2538.3
01-05-2011,14853,475.8
01-05-2011,14883,761.59
01-05-2011,14920,977.77
01-05-2011,14944,5900.25
01-05-2011,14948,1101.97
01-05-2011,14959,695.42
01-05-2011,14988,334.54
01-05-2011,15027,1066.1499999999999
01-05-2011,15062,987.86
01-05-2011,15063,370.79999999999995
01-05-2011,15106,1422.52
01-05-2011,15117,1551.78
01-05-2011,15128,1471.0
01-05-2011,15129,3447.4
01-05-2011,15134,1387.99
01-05-2011,15144,6580.44
01-05-2011,15159,18641.010000000002
01-05-2011,15187,4777.18
01-05-2011,15218,5756.89
01-05-2011,15227,1219.4
01-05-2011,15249,6688.46
01-05-2011,15258,623.16
01-05-2011,15296,3672.86
01-05-2011,15312,924.85
01-05-2011,15376,1221.56
01-05-2011,15381,596.85
01-05-2011,15433,533.3
01-05-2011,15489,1134.28
01-05-2011,15491,3100.09
01-05-2011,15508,1000.27
01-05-2011,15527,2428.53
01-05-2011,15552,90.12
01-05-2011,15561,800.59
01-05-2011,15582,682.9100000000001
01-05-2011,15620,1553.18
01-05-2011,15656,748.5
01-05-2011,15668,76.32000000000001
01-05-2011,15673,2726.23
01-05-2011,15704,2293.62
01-05-2011,15729,85.0
01-05-2011,15757,714.42
01-05-2011,15759,253.04
01-05-2011,15865,895.13
01-05-2011,15906,1567.69
01-05-2011,15976,427.64
01-05-2011,16006,101.4
01-05-2011,16007,1693.81
01-05-2011,16055,134.8
01-05-2011,16057,2263.12
01-05-2011,16094,1078.23
01-05-2011,16115,1660.8799999999999
01-05-2011,16116,612.78
01-05-2011,16121,854.66
01-05-2011,16153,1824.23
01-05-2011,16184,1158.79
01-05-2011,16229,1010.6
01-05-2011,16230,542.03
01-05-2011,16232,990.88
01-05-2011,16258,5203.51
01-05-2011,16308,2560.0
01-05-2011,16319,404.40000000000003
01-05-2011,16320,1038.46
01-05-2011,16357,658.88
01-05-2011,16401,4098.32
01-05-2011,16431,623.28
01-05-2011,16440,3640.67
01-05-2011,16457,208.36
01-05-2011,16503,1431.93
01-05-2011,16523,9418.470000000001
01-05-2011,16610,75.66
01-05-2011,16628,2188.05
01-05-2011,16644,833.78
01-05-2011,16668,306.71999999999997
01-05-2011,16714,1129.06
01-05-2011,16746,6680.11
01-05-2011,16756,239.4
01-05-2011,16767,5575.56
01-05-2011,16806,762.16
01-05-2011,16807,1121.59
01-05-2011,16832,199.15
01-05-2011,16841,1869.82
01-05-2011,16942,1904.99
01-05-2011,16943,816.73
01-05-2011,16949,1286.27
01-05-2011,16985,5464.12
01-05-2011,16990,179.0
01-05-2011,17002,1493.73
01-05-2011,17007,889.9300000000001
01-05-2011,17033,1030.14
01-05-2011,17061,5232.2300000000005
01-05-2011,17174,59.9
01-05-2011,17231,3124.72
01-05-2011,17323,906.52
01-05-2011,17384,336.4
01-05-2011,17388,1259.56
01-05-2011,17394,203.86999999999998
01-05-2011,17410,1214.72
01-05-2011,17422,1979.37
01-05-2011,17423,698.41
01-05-2011,17429,524.9200000000001
01-05-2011,17442,2248.56
01-05-2011,17443,534.24
01-05-2011,17489,376.64
01-05-2011,17501,288.6
01-05-2011,17504,2997.0299999999997
01-05-2011,17516,764.88
01-05-2011,17522,1070.71
01-05-2011,17527,939.37
01-05-2011,17578,143.45999999999998
01-05-2011,17597,2044.3700000000001
01-05-2011,17604,309.36
01-05-2011,17612,2048.45
01-05-2011,17615,329.6
01-05-2011,17624,843.48
01-05-2011,17658,595.42
01-05-2011,17664,604.64
01-05-2011,17667,2055.51
01-05-2011,17723,3276.4000000000005
01-05-2011,17764,772.55
01-05-2011,17888,716.0
01-05-2011,17889,201.37
01-05-2011,17932,1331.57
01-05-2011,17955,557.3
01-05-2011,17970,562.79
01-05-2011,17974,703.99
01-05-2011,18078,336.13
01-05-2011,18094,3017.3
01-05-2011,18120,111.15
01-05-2011,18133,931.4999999999999
01-05-2011,18136,784.33
01-05-2011,18142,1019.52
01-05-2011,18146,160.35000000000002
01-05-2011,18170,980.31
01-05-2011,18172,7561.68
01-05-2011,18221,1041.61
01-05-2011,18227,93.75
01-05-2011,18235,1796.48
01-05-2011,18241,2073.09
01-05-2011,18242,2232.4900000000002
01-05-2011,18245,2567.06
01-06-2011,12380,2724.81
01-06-2011,12406,3415.3
01-06-2011,12409,11072.67
01-06-2011,12449,4067.29
01-06-2011,12455,2466.86
01-06-2011,12468,729.5400000000001
01-06-2011,12473,3928.0499999999997
01-06-2011,12516,1312.06
01-06-2011,12517,2481.6
01-06-2011,12535,716.35
01-06-2011,12594,3338.2200000000003
01-06-2011,12597,3811.22
01-06-2011,12609,1126.85
01-06-2011,12694,869.67
01-06-2011,12778,822.23
01-06-2011,12802,427.58
01-06-2011,13038,908.46
01-06-2011,13062,346.98
01-06-2011,13115,2294.78
01-06-2011,13131,1073.3
01-06-2011,13134,1793.58
01-06-2011,13213,1520.58
01-06-2011,13248,465.68
01-06-2011,13283,93.66
01-06-2011,13330,1140.93
01-06-2011,13395,307.72
01-06-2011,13410,1003.06
01-06-2011,13435,3809.8900000000003
01-06-2011,13437,3408.06
01-06-2011,13466,307.9
01-06-2011,13510,1791.56
01-06-2011,13533,269.09
01-06-2011,13571,2088.94
01-06-2011,13617,544.18
01-06-2011,13637,804.3
01-06-2011,13643,519.44
01-06-2011,13682,59.5
01-06-2011,13686,72.0
01-06-2011,13811,814.5
01-06-2011,13856,388.5
01-06-2011,13865,501.56
01-06-2011,13885,506.8
01-06-2011,13900,740.95
01-06-2011,13917,272.04
01-06-2011,14088,50491.81
01-06-2011,14132,3586.0299999999997
01-06-2011,14178,1600.26
01-06-2011,14231,925.71
01-06-2011,14232,2048.07
01-06-2011,14241,213.70000000000002
01-06-2011,14257,3099.7200000000003
01-06-2011,14276,1119.74
01-06-2011,14315,2481.13
01-06-2011,14375,235.56
01-06-2011,14377,617.05
01-06-2011,14389,1043.46
01-06-2011,14401,4051.48
01-06-2011,14408,2599.03
01-06-2011,14453,119.93
01-06-2011,14477,1309.6
01-06-2011,14498,1957.32
01-06-2011,14500,356.85
01-06-2011,14501,251.21
01-06-2011,14512,275.28
01-06-2011,14525,4215.9
01-06-2011,14530,2862.11
01-06-2011,14542,103.25
01-06-2011,14561,1080.76
01-06-2011,14583,986.96
01-06-2011,14584,1033.06
01-06-2011,14597,866.24
01-06-2011,14621,1788.3600000000001
01-06-2011,14622,320.58000000000004
01-06-2011,14623,886.7
01-06-2011,14682,52.0
01-06-2011,14700,2195.1
01-06-2011,14704,1493.96
01-06-2011,14745,1220.26
01-06-2011,14823,321.43
01-06-2011,14878,1476.09
01-06-2011,14880,690.59
01-06-2011,14891,554.38
01-06-2011,14963,1472.34
01-06-2011,14984,202.37
01-06-2011,15073,1043.41
01-06-2011,15098,39916.5
01-06-2011,15108,1300.25
01-06-2011,15124,184.19
01-06-2011,15150,5291.33
01-06-2011,15152,4745.69
01-06-2011,15184,402.2
01-06-2011,15238,1071.99
01-06-2011,15245,2515.84
01-06-2011,15252,740.78
01-06-2011,15267,1717.36
01-06-2011,15349,463.90999999999997
01-06-2011,15382,5955.71
01-06-2011,15386,394.14
01-06-2011,15405,349.1
01-06-2011,15411,1348.93
01-06-2011,15449,974.52
01-06-2011,15453,1371.77
01-06-2011,15462,234.6
01-06-2011,15609,298.48
01-06-2011,15679,781.28
01-06-2011,15712,1072.3600000000001
01-06-2011,15722,2211.21
01-06-2011,15743,775.96
01-06-2011,15812,1801.14
01-06-2011,15852,160.71
01-06-2011,15855,712.24
01-06-2011,15918,334.23
01-06-2011,15969,666.1
01-06-2011,16005,578.71
01-06-2011,16018,408.90000000000003
01-06-2011,16103,1429.64
01-06-2011,16107,3204.1600000000003
01-06-2011,16113,161.38
01-06-2011,16117,232.21
01-06-2011,16126,6287.77
01-06-2011,16239,414.2
01-06-2011,16298,598.2
01-06-2011,16348,1415.65
01-06-2011,16358,2027.5
01-06-2011,16370,1301.91
01-06-2011,16424,133.56
01-06-2011,16466,1595.96
01-06-2011,16484,404.3
01-06-2011,16529,455.25
01-06-2011,16581,105.84
01-06-2011,16593,330.03
01-06-2011,16611,129.49
01-06-2011,16614,506.19
01-06-2011,16626,4413.1
01-06-2011,16633,2883.1
01-06-2011,16659,39.12
01-06-2011,16682,1028.0
01-06-2011,16794,1196.5
01-06-2011,16813,1652.18
01-06-2011,16818,3349.57
01-06-2011,16825,775.1800000000001
01-06-2011,16849,124.57
01-06-2011,16872,680.02
01-06-2011,16880,1491.43
01-06-2011,16892,518.19
01-06-2011,16963,110.55000000000001
01-06-2011,16967,319.02
01-06-2011,16969,650.41
01-06-2011,17015,1838.6100000000001
01-06-2011,17064,855.45
01-06-2011,17088,1991.01
01-06-2011,17115,837.5
01-06-2011,17124,294.24
01-06-2011,17169,835.78
01-06-2011,17175,1443.69
01-06-2011,17234,149.89000000000001
01-06-2011,17242,1135.04
01-06-2011,17252,348.91
01-06-2011,17265,550.01
01-06-2011,17289,931.02
01-06-2011,17360,568.24
01-06-2011,17361,488.2
01-06-2011,17414,778.0
01-06-2011,17472,697.54
01-06-2011,17483,414.04
01-06-2011,17531,296.7
01-06-2011,17589,2404.17
01-06-2011,17673,1594.97
01-06-2011,17708,263.33
01-06-2011,17731,1240.11
01-06-2011,17797,780.43
01-06-2011,17828,1820.09
01-06-2011,17854,311.26
01-06-2011,17874,683.46
01-06-2011,17900,112.19999999999999
01-06-2011,17966,1098.43
01-06-2011,17987,198.57
01-06-2011,18069,2009.24
01-06-2011,18072,247.44
01-06-2011,18073,3859.82
01-06-2011,18135,681.9100000000001
01-06-2011,18236,882.24
01-06-2011,18248,804.02
01-06-2011,18281,80.82
01-07-2011,12358,1168.06
01-07-2011,12362,5226.23
01-07-2011,12407,1708.1200000000001
01-07-2011,12450,197.88
01-07-2011,12461,826.88
01-07-2011,12474,7324.09
01-07-2011,12507,1304.81
01-07-2011,12556,599.56
01-07-2011,12619,3641.24
01-07-2011,12635,1689.18
01-07-2011,12637,6002.9
01-07-2011,12648,318.05
01-07-2011,12710,1149.02
01-07-2011,12722,997.63
01-07-2011,12830,6814.64
01-07-2011,12919,1335.19
01-07-2011,12922,405.38
01-07-2011,12977,39.239999999999995
01-07-2011,13027,6912.0
01-07-2011,13058,271.40000000000003
01-07-2011,13064,1105.59
01-07-2011,13085,416.08000000000004
01-07-2011,13109,786.54
01-07-2011,13158,1201.06
01-07-2011,13207,250.26000000000002
01-07-2011,13217,533.98
01-07-2011,13224,2155.95
01-07-2011,13285,2709.12
01-07-2011,13291,361.11
01-07-2011,13302,63.75
01-07-2011,13311,598.57
01-07-2011,13338,487.02
01-07-2011,13414,1390.5
01-07-2011,13456,1766.72
01-07-2011,13486,1122.41
01-07-2011,13489,449.52
01-07-2011,13583,781.03
01-07-2011,13675,486.82000000000005
01-07-2011,13678,232.6
01-07-2011,13681,827.83
01-07-2011,13699,308.58000000000004
01-07-2011,13730,752.6
01-07-2011,13754,282.59999999999997
01-07-2011,13804,2588.39
01-07-2011,13833,383.85
01-07-2011,13901,2867.2
01-07-2011,14002,529.73
01-07-2011,14016,4341.21
01-07-2011,14034,648.89
01-07-2011,14049,5578.72
01-07-2011,14053,260.25
01-07-2011,14104,216.20999999999998
01-07-2011,14163,2445.91
01-07-2011,14223,991.13
01-07-2011,14235,3144.86
01-07-2011,14262,2618.23
01-07-2011,14338,588.22
01-07-2011,14459,1837.92
01-07-2011,14493,2383.2400000000002
01-07-2011,14548,652.8
01-07-2011,14552,164.22
01-07-2011,14690,355.05
01-07-2011,14808,2718.6
01-07-2011,14868,2953.59
01-07-2011,14905,616.15
01-07-2011,14918,1610.15
01-07-2011,15007,156.91
01-07-2011,15033,2557.18
01-07-2011,15045,735.66
01-07-2011,15051,1383.3600000000001
01-07-2011,15157,1936.07
01-07-2011,15182,622.85
01-07-2011,15265,1506.1200000000001
01-07-2011,15334,350.82
01-07-2011,15467,524.88
01-07-2011,15483,225.26
01-07-2011,15505,3610.96
01-07-2011,15512,121.0
01-07-2011,15549,1681.46
01-07-2011,15785,2328.9700000000003
01-07-2011,15901,351.73
01-07-2011,15920,167.5
01-07-2011,15952,781.91
01-07-2011,16009,972.11
01-07-2011,16012,1415.29
01-07-2011,16014,646.83
01-07-2011,16091,315.06
01-07-2011,16146,734.13
01-07-2011,16174,1009.5500000000001
01-07-2011,16283,1570.81
01-07-2011,16317,1341.65
01-07-2011,16338,214.79999999999998
01-07-2011,16344,101.10000000000001
01-07-2011,16398,1705.8
01-07-2011,16498,100.97
01-07-2011,16589,459.24
01-07-2011,16616,500.42
01-07-2011,16829,197.22
01-07-2011,16861,173.76
01-07-2011,16866,207.73999999999998
01-07-2011,16877,846.62
01-07-2011,16918,1068.82
01-07-2011,16929,1295.39
01-07-2011,16989,1133.25
01-07-2011,17024,95.85
01-07-2011,17031,380.35
01-07-2011,17046,642.02
01-07-2011,17123,345.29999999999995
01-07-2011,17312,644.3
01-07-2011,17353,1740.0
01-07-2011,17405,1031.41
01-07-2011,17444,2940.04
01-07-2011,17464,289.96000000000004
01-07-2011,17469,1870.97
01-07-2011,17505,1145.84
01-07-2011,17562,1122.38
01-07-2011,17651,3945.0
01-07-2011,17663,1802.91
01-07-2011,17765,367.63
01-07-2011,17781,188.02
01-07-2011,17837,1541.23
01-07-2011,17861,2097.88
01-07-2011,17892,244.1
01-07-2011,17899,154.55
01-07-2011,17939,99.14
01-07-2011,17988,201.12
01-07-2011,17997,1962.46
01-07-2011,18013,187.29
01-07-2011,18024,389.78
01-07-2011,18121,653.3
01-07-2011,18122,1793.06
01-07-2011,18177,1340.8700000000001
01-07-2011,18203,160.42000000000002
01-07-2011,18232,592.97
01-07-2011,18265,801.51
01-08-2011,12378,4008.62
01-08-2011,12381,1845.31
01-08-2011,12384,585.27
01-08-2011,12444,5005.46
01-08-2011,12534,1089.18
01-08-2011,12562,3781.7400000000002
01-08-2011,12571,519.61
01-08-2011,12610,2099.54
01-08-2011,12626,6620.48
01-08-2011,12627,4478.53
01-08-2011,12633,2163.98
01-08-2011,12644,477.91
01-08-2011,12689,1247.61
01-08-2011,12704,2340.84
01-08-2011,12750,275.88
01-08-2011,12823,1759.5
01-08-2011,12828,1018.71
01-08-2011,12844,325.96000000000004
01-08-2011,12865,1568.23
01-08-2011,12885,1175.22
01-08-2011,12917,594.0
01-08-2011,12931,42055.96
01-08-2011,12993,414.76
01-08-2011,12994,974.4200000000001
01-08-2011,13016,789.89
01-08-2011,13023,689.9
01-08-2011,13075,919.61
01-08-2011,13167,791.33
01-08-2011,13186,1575.89
01-08-2011,13200,870.09
01-08-2011,13209,5891.61
01-08-2011,13218,62.63999999999999
01-08-2011,13307,15.0
01-08-2011,13355,674.7
01-08-2011,13384,4151.93
01-08-2011,13500,1166.77
01-08-2011,13513,205.1
01-08-2011,13552,3740.07
01-08-2011,13588,2478.95
01-08-2011,13645,252.1
01-08-2011,13709,6307.650000000001
01-08-2011,13717,1445.01
01-08-2011,13782,908.86
01-08-2011,13791,1516.0
01-08-2011,13805,924.6
01-08-2011,13850,1595.48
01-08-2011,13851,2651.46
01-08-2011,13869,3083.65
01-08-2011,13919,384.81
01-08-2011,13925,678.25
01-08-2011,14004,4582.64
01-08-2011,14024,327.7
01-08-2011,14076,118.67
01-08-2011,14079,375.1
01-08-2011,14116,1382.74
01-08-2011,14133,605.64
01-08-2011,14331,462.65999999999997
01-08-2011,14346,1021.58
01-08-2011,14406,156.75
01-08-2011,14495,123.8
01-08-2011,14567,1530.3600000000001
01-08-2011,14626,2791.27
01-08-2011,14639,2984.49
01-08-2011,14640,2107.38
01-08-2011,14720,663.81
01-08-2011,14737,1164.55
01-08-2011,14768,192.60000000000002
01-08-2011,14790,745.06
01-08-2011,14834,1720.3
01-08-2011,14855,645.65
01-08-2011,14937,1621.88
01-08-2011,14947,290.82
01-08-2011,14972,114.77
01-08-2011,15089,2420.84
01-08-2011,15110,996.1
01-08-2011,15198,193.64
01-08-2011,15205,653.24
01-08-2011,15228,3386.71
01-08-2011,15247,356.0
01-08-2011,15254,300.36
01-08-2011,15342,406.09
01-08-2011,15374,168.0
01-08-2011,15410,3450.84
01-08-2011,15469,538.55
01-08-2011,15494,1280.58
01-08-2011,15608,1093.68
01-08-2011,15625,1534.26
01-08-2011,15689,254.1
01-08-2011,15747,946.64
01-08-2011,15831,794.64
01-08-2011,15985,1142.42
01-08-2011,16053,1511.95
01-08-2011,16066,1521.04
01-08-2011,16076,2234.73
01-08-2011,16102,1842.14
01-08-2011,16182,6617.65
01-08-2011,16187,6911.4400000000005
01-08-2011,16206,537.0600000000001
01-08-2011,16245,1413.66
01-08-2011,16271,1404.64
01-08-2011,16292,302.25
01-08-2011,16302,233.22
01-08-2011,16324,408.59000000000003
01-08-2011,16531,1244.59
01-08-2011,16637,1154.47
01-08-2011,16750,623.93
01-08-2011,16764,2790.9500000000003
01-08-2011,16788,594.39
01-08-2011,16954,2085.08
01-08-2011,16984,4459.52
01-08-2011,17053,498.48
01-08-2011,17122,138.32
01-08-2011,17139,10650.77
01-08-2011,17248,318.65
01-08-2011,17267,317.2
01-08-2011,17282,1685.46
01-08-2011,17298,498.42
01-08-2011,17331,175.2
01-08-2011,17400,2097.84
01-08-2011,17514,208.65
01-08-2011,17553,1487.6
01-08-2011,17554,1952.45
01-08-2011,17584,1242.3
01-08-2011,17602,5054.42
01-08-2011,17633,1324.84
01-08-2011,17642,712.29
01-08-2011,17644,2895.64
01-08-2011,17653,1207.56
01-08-2011,17656,1674.69
01-08-2011,17788,1117.9
01-08-2011,17887,111.35
01-08-2011,17941,304.56
01-08-2011,18079,3613.15
01-08-2011,18099,168.31
01-08-2011,18237,987.1
01-08-2011,18282,178.05
01-09-2011,12375,457.5
01-09-2011,12408,2888.55
01-09-2011,12422,803.5600000000001
01-09-2011,12436,509.01
01-09-2011,12526,1316.66
01-09-2011,12616,713.3
01-09-2011,12670,2996.05
01-09-2011,12674,1970.6
01-09-2011,12680,862.81
01-09-2011,12685,2863.08
01-09-2011,12739,1013.04
01-09-2011,12787,463.66
01-09-2011,12794,860.41
01-09-2011,12816,572.2
01-09-2011,12832,383.03
01-09-2011,12851,131.81
01-09-2011,12879,573.22
01-09-2011,12883,703.47
01-09-2011,12884,309.05
01-09-2011,12965,769.8100000000001
01-09-2011,12997,1226.89
01-09-2011,13045,305.28000000000003
01-09-2011,13079,220.10000000000002
01-09-2011,13099,207.35999999999999
01-09-2011,13122,922.39
01-09-2011,13130,64.0
01-09-2011,13147,712.8000000000001
01-09-2011,13192,911.94
01-09-2011,13210,353.48
01-09-2011,13211,1095.42
01-09-2011,13244,121.74000000000001
01-09-2011,13249,711.41
01-09-2011,13272,276.56
01-09-2011,13276,590.9300000000001
01-09-2011,13372,378.64
01-09-2011,13375,778.65
01-09-2011,13376,1019.76
01-09-2011,13381,3639.31
01-09-2011,13431,1269.1
01-09-2011,13434,534.24
01-09-2011,13441,296.64
01-09-2011,13470,165.0
01-09-2011,13507,2479.16
01-09-2011,13527,2242.36
01-09-2011,13611,1154.4
01-09-2011,13614,1585.46
01-09-2011,13631,3070.42
01-09-2011,13650,1836.34
01-09-2011,13704,2308.06
01-09-2011,13744,1080.52
01-09-2011,13772,1122.63
01-09-2011,13808,1747.66
01-09-2011,13813,1366.8600000000001
01-09-2011,13814,1579.12
01-09-2011,13823,957.66
01-09-2011,13889,416.90000000000003
01-09-2011,13949,2427.32
01-09-2011,13993,3466.36
01-09-2011,14019,1421.61
01-09-2011,14020,642.8
01-09-2011,14067,374.7
01-09-2011,14092,4076.91
01-09-2011,14096,65164.79
01-09-2011,14129,1123.8600000000001
01-09-2011,14171,363.79
01-09-2011,14177,549.46
01-09-2011,14208,151.74
01-09-2011,14211,2241.1
01-09-2011,14212,1070.48
01-09-2011,14250,1904.05
01-09-2011,14335,454.86
01-09-2011,14360,2118.03
01-09-2011,14414,1496.98
01-09-2011,14420,387.52
01-09-2011,14432,2248.5
01-09-2011,14436,89.06
01-09-2011,14441,1712.89
01-09-2011,14452,259.05
01-09-2011,14456,3017.28
01-09-2011,14463,529.62
01-09-2011,14482,2022.81
01-09-2011,14508,268.05
01-09-2011,14511,1314.81
01-09-2011,14522,974.54
01-09-2011,14533,1949.72
01-09-2011,14565,3099.12
01-09-2011,14824,1127.71
01-09-2011,14837,1649.5
01-09-2011,14897,1366.38
01-09-2011,14916,1268.98
01-09-2011,14965,596.09
01-09-2011,14997,546.1999999999999
01-09-2011,15035,252.73000000000002
01-09-2011,15136,1286.7
01-09-2011,15215,734.94
01-09-2011,15253,918.1999999999999
01-09-2011,15306,1174.35
01-09-2011,15307,205.3
01-09-2011,15364,913.19
01-09-2011,15365,2314.32
01-09-2011,15392,1535.53
01-09-2011,15488,91.32000000000001
01-09-2011,15533,807.57
01-09-2011,15587,913.6800000000001
01-09-2011,15594,1771.78
01-09-2011,15618,776.851
01-09-2011,15652,337.74
01-09-2011,15653,877.4399999999999
01-09-2011,15730,1120.88
01-09-2011,15755,2364.25
01-09-2011,15782,2614.7400000000002
01-09-2011,15804,4206.39
01-09-2011,15829,636.14
01-09-2011,15864,1936.3200000000002
01-09-2011,15980,2398.86
01-09-2011,16141,620.4
01-09-2011,16173,1418.32
01-09-2011,16175,1037.59
01-09-2011,16211,547.02
01-09-2011,16360,3450.41
01-09-2011,16362,709.99
01-09-2011,16384,584.5
01-09-2011,16400,303.93
01-09-2011,16418,631.12
01-09-2011,16434,1511.8
01-09-2011,16444,654.67
01-09-2011,16474,1810.65
01-09-2011,16603,482.47
01-09-2011,16629,408.63
01-09-2011,16674,304.24
01-09-2011,16706,531.35
01-09-2011,16723,576.4
01-09-2011,16744,1291.91
01-09-2011,16761,316.62
01-09-2011,16796,305.62
01-09-2011,16820,497.61
01-09-2011,16828,128.5
01-09-2011,16871,2812.34
01-09-2011,16899,1271.06
01-09-2011,16910,1508.96
01-09-2011,16992,1614.31
01-09-2011,17004,1312.1399999999999
01-09-2011,17090,1974.65
01-09-2011,17229,318.76
01-09-2011,17299,656.61
01-09-2011,17309,82.75
01-09-2011,17317,2600.34
01-09-2011,17345,519.6899999999999
01-09-2011,17370,446.18
01-09-2011,17386,2686.42
01-09-2011,17433,303.15999999999997
01-09-2011,17481,1255.59
01-09-2011,17573,380.6
01-09-2011,17593,3923.86
01-09-2011,17750,1710.45
01-09-2011,17919,1304.04
01-09-2011,18027,115.31
01-09-2011,18087,4055.7199999999993
01-09-2011,18158,453.4
01-09-2011,18180,1843.75
01-09-2011,18196,686.63
01-09-2011,18215,299.34000000000003
01-09-2011,18222,443.0
01-09-2011,18255,103.3
01-09-2011,18261,324.24
01-09-2011,18273,204.0
01-10-2011,12371,1887.96
01-10-2011,12420,600.39
01-10-2011,12457,2363.23
01-10-2011,12492,263.21000000000004
01-10-2011,12512,132.18
01-10-2011,12518,2056.89
01-10-2011,12519,330.84
01-10-2011,12536,12601.830000000002
01-10-2011,12602,153.12
01-10-2011,12607,1579.51
01-10-2011,12628,786.46
01-10-2011,12664,4881.88
01-10-2011,12667,620.13
01-10-2011,12691,1035.8
01-10-2011,12695,582.1
01-10-2011,12719,644.95
01-10-2011,12723,725.07
01-10-2011,12740,427.6
01-10-2011,12772,892.47
01-10-2011,12781,826.74
01-10-2011,12789,91.85
01-10-2011,12824,397.12
01-10-2011,12856,2170.78
01-10-2011,12923,172.82
01-10-2011,13049,656.6800000000001
01-10-2011,13177,282.45
01-10-2011,13193,112.08
01-10-2011,13212,786.83
01-10-2011,13259,283.18
01-10-2011,13260,557.62
01-10-2011,13297,2089.85
01-10-2011,13314,775.94
01-10-2011,13317,2273.68
01-10-2011,13348,233.76
01-10-2011,13351,373.94
01-10-2011,13352,397.97999999999996
01-10-2011,13359,439.56
01-10-2011,13379,572.56
01-10-2011,13419,221.06
01-10-2011,13422,2626.3
01-10-2011,13429,1006.8
01-10-2011,13464,674.68
01-10-2011,13483,140.34
01-10-2011,13504,295.93
01-10-2011,13517,2128.42
01-10-2011,13558,594.52
01-10-2011,13575,732.0699999999999
01-10-2011,13587,712.4
01-10-2011,13591,1117.13
01-10-2011,13602,428.89
01-10-2011,13627,1638.47
01-10-2011,13635,1071.03
01-10-2011,13666,84.65
01-10-2011,13685,3119.44
01-10-2011,13689,910.0
01-10-2011,13690,172.25
01-10-2011,13755,2108.06
01-10-2011,13763,1714.96
01-10-2011,13792,195.55
01-10-2011,13801,324.8
01-10-2011,13806,256.38
01-10-2011,13812,539.0
01-10-2011,13816,571.6700000000001
01-10-2011,13845,312.98
01-10-2011,13876,122.7
01-10-2011,13882,1191.13
01-10-2011,13895,2593.07
01-10-2011,13940,839.14
01-10-2011,13947,90.6
01-10-2011,13980,200.14
01-10-2011,13989,1266.08
01-10-2011,13994,2274.14
01-10-2011,14027,104.82
01-10-2011,14029,467.66
01-10-2011,14054,92.46
01-10-2011,14121,2780.15
01-10-2011,14128,637.5
01-10-2011,14138,965.8800000000001
01-10-2011,14141,915.13
01-10-2011,14175,3222.3
01-10-2011,14184,452.89
01-10-2011,14193,853.39
01-10-2011,14290,2314.65
01-10-2011,14317,508.58000000000004
01-10-2011,14332,840.21
01-10-2011,14333,415.2
01-10-2011,14383,1247.69
01-10-2011,14427,363.34000000000003
01-10-2011,14434,1372.8
01-10-2011,14451,643.9
01-10-2011,14488,1064.28
01-10-2011,14502,2429.83
01-10-2011,14518,174.37
01-10-2011,14529,578.61
01-10-2011,14538,388.25
01-10-2011,14592,557.94
01-10-2011,14595,1740.6
01-10-2011,14624,225.85
01-10-2011,14642,96.12
01-10-2011,14644,830.76
01-10-2011,14710,599.48
01-10-2011,14792,6.2
01-10-2011,14801,189.34
01-10-2011,14815,778.5
01-10-2011,14819,272.07
01-10-2011,14857,1173.12
01-10-2011,15088,1160.07
01-10-2011,15091,480.71
01-10-2011,15105,2298.93
01-10-2011,15125,11528.48
01-10-2011,15127,406.53
01-10-2011,15181,689.4799999999999
01-10-2011,15193,499.32
01-10-2011,15208,870.12
01-10-2011,15255,890.85
01-10-2011,15264,393.74
01-10-2011,15276,128.63
01-10-2011,15297,641.94
01-10-2011,15300,496.44
01-10-2011,15315,570.5
01-10-2011,15330,714.96
01-10-2011,15339,574.07
01-10-2011,15473,1771.2
01-10-2011,15553,428.93
01-10-2011,15579,327.6
01-10-2011,15612,195.15
01-10-2011,15701,1529.0
01-10-2011,15706,1060.56
01-10-2011,15707,916.98
01-10-2011,15739,449.12
01-10-2011,15762,583.75
01-10-2011,15766,315.06
01-10-2011,15774,270.8
01-10-2011,15787,933.26
01-10-2011,15801,1063.95
01-10-2011,15821,570.96
01-10-2011,15837,391.98
01-10-2011,15840,355.56
01-10-2011,15886,181.09
01-10-2011,15930,426.63
01-10-2011,15937,145.35
01-10-2011,16020,851.01
01-10-2011,16040,1313.55
01-10-2011,16085,981.51
01-10-2011,16104,298.21
01-10-2011,16106,108.38
01-10-2011,16120,1309.14
01-10-2011,16160,1025.44
01-10-2011,16171,73.2
01-10-2011,16179,215.83
01-10-2011,16183,338.71000000000004
01-10-2011,16205,757.63
01-10-2011,16248,152.94
01-10-2011,16253,3683.86
01-10-2011,16295,1328.55
01-10-2011,16354,395.8
01-10-2011,16374,466.73
01-10-2011,16380,1743.1499999999999
01-10-2011,16395,1482.06
01-10-2011,16432,287.4
01-10-2011,16441,381.2
01-10-2011,16454,6.9
01-10-2011,16478,331.0
01-10-2011,16518,484.32
01-10-2011,16533,1082.81
01-10-2011,16561,511.12
01-10-2011,16591,213.5
01-10-2011,16595,360.16
01-10-2011,16667,567.1800000000001
01-10-2011,16685,324.24
01-10-2011,16688,1260.86
01-10-2011,16693,477.86
01-10-2011,16747,836.06
01-10-2011,16753,223.92000000000002
01-10-2011,16758,369.34000000000003
01-10-2011,16774,661.52
01-10-2011,16776,371.54
01-10-2011,16803,332.3
01-10-2011,16809,914.69
01-10-2011,16881,432.0
01-10-2011,16882,705.12
01-10-2011,16895,202.27
01-10-2011,16900,887.11
01-10-2011,16912,2555.58
01-10-2011,16921,154.18
01-10-2011,16924,829.89
01-10-2011,16930,378.89
01-10-2011,16982,384.06
01-10-2011,17014,583.4300000000001
01-10-2011,17030,146.87
01-10-2011,17086,2050.08
01-10-2011,17096,1022.13
01-10-2011,17119,606.91
01-10-2011,17173,3766.6
01-10-2011,17186,144.0
01-10-2011,17190,444.74
01-10-2011,17193,1699.3000000000002
01-10-2011,17203,3560.08
01-10-2011,17222,328.65
01-10-2011,17295,547.0
01-10-2011,17321,657.16
01-10-2011,17330,363.9
01-10-2011,17382,65.4
01-10-2011,17425,759.17
01-10-2011,17453,486.71999999999997
01-10-2011,17459,657.3
01-10-2011,17462,675.69
01-10-2011,17490,2092.32
01-10-2011,17509,6083.64
01-10-2011,17521,723.2099999999999
01-10-2011,17528,3628.5
01-10-2011,17620,81.44
01-10-2011,17647,133.06
01-10-2011,17666,728.16
01-10-2011,17728,2876.01
01-10-2011,17737,168.24
01-10-2011,17754,1664.65
01-10-2011,17813,1698.07
01-10-2011,17913,408.65
01-10-2011,17921,820.23
01-10-2011,17930,1740.48
01-10-2011,17934,704.25
01-10-2011,17957,111.68
01-10-2011,18033,93.82000000000001
01-10-2011,18059,306.46
01-10-2011,18088,166.03
01-10-2011,18096,849.06
01-10-2011,18126,200.92000000000002
01-10-2011,18169,202.65
01-10-2011,18257,2337.63
01-10-2011,18277,110.38
01-10-2011,18287,1837.28
01-11-2011,12357,6207.67
01-11-2011,12397,2409.9
01-11-2011,12491,460.40000000000003
01-11-2011,12504,482.04999999999995
01-11-2011,12508,397.88
01-11-2011,12532,349.83000000000004
01-11-2011,12538,363.95
01-11-2011,12544,372.7
01-11-2011,12552,437.82
01-11-2011,12577,626.6
01-11-2011,12589,646.68
01-11-2011,12615,2291.19
01-11-2011,12617,352.98
01-11-2011,12638,671.69
01-11-2011,12654,601.98
01-11-2011,12659,91.68
01-11-2011,12697,957.59
01-11-2011,12783,2225.91
01-11-2011,12827,430.15000000000003
01-11-2011,12849,1010.29
01-11-2011,12882,1463.04
01-11-2011,12893,176.55
01-11-2011,12944,604.51
01-11-2011,12981,372.21999999999997
01-11-2011,12985,1239.38
01-11-2011,13029,1247.5
01-11-2011,13040,676.99
01-11-2011,13046,629.31
01-11-2011,13066,470.8
01-11-2011,13091,345.82
01-11-2011,13168,1299.59
01-11-2011,13271,211.49
01-11-2011,13292,578.9399999999999
01-11-2011,13310,1132.03
01-11-2011,13316,5732.93
01-11-2011,13318,640.76
01-11-2011,13323,787.85
01-11-2011,13396,1360.99
01-11-2011,13447,1129.14
01-11-2011,13460,183.44
01-11-2011,13461,1445.0
01-11-2011,13467,1071.91
01-11-2011,13499,1159.11
01-11-2011,13522,125.80000000000001
01-11-2011,13532,210.31
01-11-2011,13651,94.2
01-11-2011,13673,387.44
01-11-2011,13697,151.29999999999998
01-11-2011,13710,180.48
01-11-2011,13719,1041.68
01-11-2011,13721,524.14
01-11-2011,13726,1079.6599999999999
01-11-2011,13727,333.48
01-11-2011,13732,491.86
01-11-2011,13759,659.4100000000001
01-11-2011,13810,1499.01
01-11-2011,13817,382.98
01-11-2011,13868,3192.54
01-11-2011,13890,1883.8100000000002
01-11-2011,13904,332.64
01-11-2011,13914,626.45
01-11-2011,13924,1838.8500000000001
01-11-2011,13928,464.57
01-11-2011,13938,71.66
01-11-2011,13992,76.8
01-11-2011,14035,1428.02
01-11-2011,14039,152.2
01-11-2011,14050,746.36
01-11-2011,14071,1437.57
01-11-2011,14073,151.04
01-11-2011,14080,45.599999999999994
01-11-2011,14098,147.35
01-11-2011,14102,1105.8799999999999
01-11-2011,14108,597.91
01-11-2011,14125,2720.63
01-11-2011,14140,935.05
01-11-2011,14150,658.64
01-11-2011,14174,134.46
01-11-2011,14216,1839.3
01-11-2011,14226,2214.79
01-11-2011,14234,754.12
01-11-2011,14240,890.34
01-11-2011,14284,595.25
01-11-2011,14285,1910.01
01-11-2011,14342,668.5600000000001
01-11-2011,14345,108.97999999999999
01-11-2011,14354,163.62
01-11-2011,14387,1727.6
01-11-2011,14428,1224.06
01-11-2011,14485,162.8
01-11-2011,14517,330.45
01-11-2011,14528,364.21999999999997
01-11-2011,14547,3974.75
01-11-2011,14607,16209.5
01-11-2011,14636,609.85
01-11-2011,14664,636.24
01-11-2011,14712,917.07
01-11-2011,14765,254.11
01-11-2011,14789,197.64
01-11-2011,14820,507.29
01-11-2011,14836,102.44999999999999
01-11-2011,14856,1290.53
01-11-2011,14863,266.76
01-11-2011,14882,589.7
01-11-2011,14910,434.35
01-11-2011,14921,1316.07
01-11-2011,14929,223.88
01-11-2011,14968,147.59
01-11-2011,14971,1097.98
01-11-2011,14974,89.94
01-11-2011,15010,308.94
01-11-2011,15017,125.58
01-11-2011,15025,361.96
01-11-2011,15043,537.0
01-11-2011,15065,3158.13
01-11-2011,15103,703.36
01-11-2011,15153,329.25
01-11-2011,15156,961.49
01-11-2011,15275,615.14
01-11-2011,15344,563.94
01-11-2011,15355,277.05
01-11-2011,15423,43.5
01-11-2011,15427,1430.54
01-11-2011,15434,1041.48
01-11-2011,15450,429.84
01-11-2011,15452,528.48
01-11-2011,15463,126.14
01-11-2011,15492,659.4599999999999
01-11-2011,15511,900.53
01-11-2011,15522,397.99
01-11-2011,15526,148.44
01-11-2011,15531,1972.39
01-11-2011,15551,436.06
01-11-2011,15557,468.91
01-11-2011,15571,650.4300000000001
01-11-2011,15573,591.1899999999999
01-11-2011,15576,921.37
01-11-2011,15597,324.57
01-11-2011,15651,646.3
01-11-2011,15692,191.04
01-11-2011,15745,1094.59
01-11-2011,15763,1086.92
01-11-2011,15814,1945.33
01-11-2011,15830,576.0
01-11-2011,15839,1048.49
01-11-2011,15847,389.27
01-11-2011,15870,351.44
01-11-2011,15883,396.48
01-11-2011,15903,5126.76
01-11-2011,15950,1744.71
01-11-2011,15957,428.89
01-11-2011,15986,168.12
01-11-2011,15993,2777.67
01-11-2011,16003,2735.37
01-11-2011,16025,439.65999999999997
01-11-2011,16041,3166.4
01-11-2011,16070,852.15
01-11-2011,16169,1822.97
01-11-2011,16243,409.1
01-11-2011,16284,812.68
01-11-2011,16318,328.15
01-11-2011,16322,326.75
01-11-2011,16337,151.05
01-11-2011,16347,847.45
01-11-2011,16352,494.44
01-11-2011,16368,479.91
01-11-2011,16372,355.73
01-11-2011,16379,2157.4
01-11-2011,16386,302.57
01-11-2011,16433,184.26
01-11-2011,16438,798.35
01-11-2011,16445,230.51
01-11-2011,16460,811.23
01-11-2011,16488,498.8
01-11-2011,16500,400.86
01-11-2011,16505,777.6
01-11-2011,16516,101.69999999999999
01-11-2011,16555,285.89
01-11-2011,16602,528.08
01-11-2011,16618,2647.59
01-11-2011,16639,1257.51
01-11-2011,16671,1692.27
01-11-2011,16732,603.75
01-11-2011,16751,1764.72
01-11-2011,16759,789.79
01-11-2011,16790,1545.6200000000001
01-11-2011,16830,325.91
01-11-2011,16884,429.84000000000003
01-11-2011,16887,192.32999999999998
01-11-2011,16903,363.2
01-11-2011,16914,183.76
01-11-2011,16953,20.8
01-11-2011,16971,357.21
01-11-2011,16979,1852.0
01-11-2011,16986,1873.2
01-11-2011,17006,781.78
01-11-2011,17011,270.9
01-11-2011,17022,71.0
01-11-2011,17038,112.4
01-11-2011,17043,1735.18
01-11-2011,17052,399.09
01-11-2011,17078,378.2
01-11-2011,17082,2003.85
01-11-2011,17084,2747.9900000000002
01-11-2011,17101,1621.73
01-11-2011,17109,881.29
01-11-2011,17131,2463.17
01-11-2011,17158,1266.97
01-11-2011,17166,206.34
01-11-2011,17183,3347.31
01-11-2011,17197,1013.01
01-11-2011,17219,114.23
01-11-2011,17221,334.48
01-11-2011,17233,190.88
01-11-2011,17274,107.82
01-11-2011,17313,2328.84
01-11-2011,17348,1156.6
01-11-2011,17387,746.81
01-11-2011,17403,263.92
01-11-2011,17432,365.76
01-11-2011,17434,2373.82
01-11-2011,17461,735.82
01-11-2011,17495,497.56
01-11-2011,17500,1138.0
01-11-2011,17502,689.1
01-11-2011,17503,558.96
01-11-2011,17515,639.02
01-11-2011,17595,386.69
01-11-2011,17608,191.99
01-11-2011,17623,527.0500000000001
01-11-2011,17637,547.0600000000001
01-11-2011,17668,347.75
01-11-2011,17702,1824.37
01-11-2011,17703,798.74
01-11-2011,17733,692.19
01-11-2011,17761,712.78
01-11-2011,17768,2081.9
01-11-2011,17791,106.1
01-11-2011,17831,35.400000000000006
01-11-2011,17867,1157.8700000000001
01-11-2011,17901,110.38
01-11-2011,17947,176.68
01-11-2011,17977,288.14
01-11-2011,17979,732.41
01-11-2011,18014,162.22
01-11-2011,18022,612.72
01-11-2011,18035,713.89
01-11-2011,18081,343.45
01-11-2011,18104,754.64
01-11-2011,18105,113.48000000000002
01-11-2011,18123,574.4399999999999
01-11-2011,18125,1131.75
01-11-2011,18130,1059.39
01-11-2011,18150,566.58
01-11-2011,18164,399.65000000000003
01-11-2011,18167,1384.8600000000001
01-11-2011,18205,517.36
01-11-2011,18209,139.10000000000002
01-11-2011,18210,2621.38
01-11-2011,18216,481.75
01-11-2011,18217,621.75
01-11-2011,18270,283.15
01-11-2011,18274,175.92
01-12-2010,12347,4310.0
01-12-2010,12386,401.9
01-12-2010,12395,3018.63
01-12-2010,12427,825.8
01-12-2010,12429,3750.4
01-12-2010,12431,6419.95
01-12-2010,12433,13375.87
01-12-2010,12441,173.55
01-12-2010,12471,19788.65
01-12-2010,12472,6572.11
01-12-2010,12481,5579.82
01-12-2010,12494,1246.1000000000001
01-12-2010,12557,11990.960000000001
01-12-2010,12567,9401.28
01-12-2010,12583,7281.38
01-12-2010,12600,2599.04
01-12-2010,12621,13689.67
01-12-2010,12647,3722.82
01-12-2010,12662,3849.78
01-12-2010,12681,13787.54
01-12-2010,12682,12279.82
01-12-2010,12683,8476.57
01-12-2010,12686,89.14
01-12-2010,12708,2712.91
01-12-2010,12709,9706.52
01-12-2010,12712,4396.13
01-12-2010,12720,5781.73
01-12-2010,12725,427.8
01-12-2010,12731,18895.91
01-12-2010,12738,155.35
01-12-2010,12747,4196.01
01-12-2010,12748,33053.19
01-12-2010,12753,21429.39
01-12-2010,12755,3811.95
01-12-2010,12763,494.08
01-12-2010,12766,6989.63
01-12-2010,12779,3981.36
01-12-2010,12785,311.95
01-12-2010,12791,192.60000000000002
01-12-2010,12793,545.48
01-12-2010,12797,254.03
01-12-2010,12808,483.65000000000003
01-12-2010,12826,1474.72
01-12-2010,12838,671.95
01-12-2010,12839,5591.42
01-12-2010,12841,3991.58
01-12-2010,12855,38.1
01-12-2010,12868,1607.0600000000002
01-12-2010,12872,599.97
01-12-2010,12875,343.2300000000001
01-12-2010,12913,2483.63
01-12-2010,12915,363.65
01-12-2010,12921,16587.09
01-12-2010,12942,675.6
01-12-2010,12947,1603.99
01-12-2010,12963,1856.63
01-12-2010,12967,1660.9
01-12-2010,12971,11189.91
01-12-2010,12989,6924.110000000001
01-12-2010,13000,534.85
01-12-2010,13011,50.550000000000004
01-12-2010,13013,4810.9400000000005
01-12-2010,13030,752.4399999999999
01-12-2010,13034,642.77
01-12-2010,13047,3237.54
01-12-2010,13050,5836.86
01-12-2010,13065,205.86
01-12-2010,13069,4431.44
01-12-2010,13077,728.02
01-12-2010,13078,12627.94
01-12-2010,13081,28337.38
01-12-2010,13089,58762.08
01-12-2010,13090,8910.82
01-12-2010,13093,7832.47
01-12-2010,13094,1927.3200000000002
01-12-2010,13102,6424.09
01-12-2010,13108,350.06
01-12-2010,13113,12245.960000000001
01-12-2010,13117,984.91
01-12-2010,13126,2099.64
01-12-2010,13138,962.39
01-12-2010,13140,422.47
01-12-2010,13145,618.52
01-12-2010,13148,3683.26
01-12-2010,13155,971.76
01-12-2010,13173,353.65
01-12-2010,13174,2742.82
01-12-2010,13199,9817.12
01-12-2010,13230,2755.63
01-12-2010,13240,663.65
01-12-2010,13255,399.51
01-12-2010,13267,4521.49
01-12-2010,13269,5343.28
01-12-2010,13270,590.0
01-12-2010,13305,2000.86
01-12-2010,13319,10845.550000000001
01-12-2010,13327,3627.77
01-12-2010,13329,789.0
01-12-2010,13369,308.28000000000003
01-12-2010,13370,754.87
01-12-2010,13402,621.23
01-12-2010,13408,28117.04
01-12-2010,13418,6127.43
01-12-2010,13448,3534.69
01-12-2010,13455,1058.34
01-12-2010,13468,5704.97
01-12-2010,13488,8968.31
01-12-2010,13491,1215.82
01-12-2010,13495,2044.8700000000001
01-12-2010,13497,348.05
01-12-2010,13506,458.52
01-12-2010,13520,3624.35
01-12-2010,13523,3964.88
01-12-2010,13531,483.8
01-12-2010,13564,1724.67
01-12-2010,13569,338.62
01-12-2010,13576,6717.34
01-12-2010,13579,467.04
01-12-2010,13599,5149.92
01-12-2010,13649,346.6
01-12-2010,13652,1095.08
01-12-2010,13668,6309.83
01-12-2010,13694,65039.62
01-12-2010,13705,711.86
01-12-2010,13715,1077.39
01-12-2010,13747,79.6
01-12-2010,13748,948.25
01-12-2010,13756,5189.52
01-12-2010,13758,3190.55
01-12-2010,13767,17220.36
01-12-2010,13769,2796.51
01-12-2010,13777,25977.16
01-12-2010,13786,230.39999999999998
01-12-2010,13787,309.04
01-12-2010,13798,37153.85
01-12-2010,13807,112.6
01-12-2010,13831,2198.45
01-12-2010,13838,674.82
01-12-2010,13842,3385.62
01-12-2010,13848,1255.0
01-12-2010,13854,8109.5199999999995
01-12-2010,13880,3219.77
01-12-2010,13941,5112.96
01-12-2010,13959,594.04
01-12-2010,13963,664.54
01-12-2010,13969,9024.17
01-12-2010,13982,1871.81
01-12-2010,13983,2603.43
01-12-2010,13984,920.51
01-12-2010,14001,2043.0800000000002
01-12-2010,14030,2358.84
01-12-2010,14031,17286.86
01-12-2010,14032,2975.59
01-12-2010,14037,147.20000000000002
01-12-2010,14045,1659.75
01-12-2010,14047,1308.6100000000001
01-12-2010,14051,15610.390000000001
01-12-2010,14060,6140.42
01-12-2010,14062,10464.85
01-12-2010,14078,1049.37
01-12-2010,14081,921.62
01-12-2010,14082,182.25
01-12-2010,14083,1002.9
01-12-2010,14085,4421.29
01-12-2010,14107,2703.23
01-12-2010,14135,4690.31
01-12-2010,14142,311.81
01-12-2010,14156,117210.08
01-12-2010,14159,4630.35
01-12-2010,14161,1097.6200000000001
01-12-2010,14176,576.9000000000001
01-12-2010,14180,4748.52
01-12-2010,14189,4654.08
01-12-2010,14210,1905.8400000000001
01-12-2010,14215,1789.72
01-12-2010,14217,2004.98
01-12-2010,14236,490.86
01-12-2010,14237,161.0
01-12-2010,14243,2588.77
01-12-2010,14256,969.0600000000001
01-12-2010,14282,3701.44
01-12-2010,14293,1046.56
01-12-2010,14299,3965.62
01-12-2010,14307,2995.72
01-12-2010,14344,889.9300000000001
01-12-2010,14355,174.4
01-12-2010,14388,3212.84
01-12-2010,14390,4642.57
01-12-2010,14395,3479.91
01-12-2010,14396,487.99
01-12-2010,14404,1449.32
01-12-2010,14409,2059.4500000000003
01-12-2010,14413,121.05
01-12-2010,14419,1051.79
01-12-2010,14437,63.0
01-12-2010,14440,2357.6800000000003
01-12-2010,14443,1420.2
01-12-2010,14448,375.35
01-12-2010,14449,885.8
01-12-2010,14466,2272.4
01-12-2010,14479,316.25
01-12-2010,14487,1165.48
01-12-2010,14491,340.93
01-12-2010,14496,538.8100000000001
01-12-2010,14505,5859.43
01-12-2010,14506,1960.65
01-12-2010,14527,8507.13
01-12-2010,14543,3599.73
01-12-2010,14573,1639.82
01-12-2010,14576,35.400000000000006
01-12-2010,14577,859.71
01-12-2010,14589,39.75
01-12-2010,14594,363.33
01-12-2010,14606,12076.15
01-12-2010,14608,1785.15
01-12-2010,14667,9175.04
01-12-2010,14673,1736.4
01-12-2010,14680,28754.11
01-12-2010,14684,1201.51
01-12-2010,14688,5579.1
01-12-2010,14696,2078.95
01-12-2010,14702,3251.79
01-12-2010,14708,1126.37
01-12-2010,14713,2662.2
01-12-2010,14723,1122.3600000000001
01-12-2010,14729,313.49
01-12-2010,14733,9585.91
01-12-2010,14739,3902.28
01-12-2010,14741,1400.34
01-12-2010,14744,1099.98
01-12-2010,14748,1415.75
01-12-2010,14766,2473.37
01-12-2010,14775,1011.9
01-12-2010,14796,7975.49
01-12-2010,14800,4331.79
01-12-2010,14810,2085.33
01-12-2010,14813,152.88
01-12-2010,14821,48.800000000000004
01-12-2010,14825,2221.01
01-12-2010,14829,697.55
01-12-2010,14849,7930.54
01-12-2010,14865,52.2
01-12-2010,14866,14389.9
01-12-2010,14896,468.77000000000004
01-12-2010,14898,1269.31
01-12-2010,14901,1421.29
01-12-2010,14907,3501.1
01-12-2010,14911,143711.17
01-12-2010,14932,363.53
01-12-2010,14952,8099.49
01-12-2010,14987,326.4
01-12-2010,15002,1641.76
01-12-2010,15005,6295.37
01-12-2010,15012,405.04
01-12-2010,15018,496.21000000000004
01-12-2010,15021,1871.77
01-12-2010,15023,6720.41
01-12-2010,15024,1636.43
01-12-2010,15028,627.13
01-12-2010,15032,4959.1
01-12-2010,15038,685.74
01-12-2010,15039,19766.59
01-12-2010,15044,7634.7300000000005
01-12-2010,15048,381.0
01-12-2010,15061,54534.14
01-12-2010,15070,106.2
01-12-2010,15078,9743.11
01-12-2010,15079,895.61
01-12-2010,15081,504.8
01-12-2010,15093,4597.02
01-12-2010,15100,876.0
01-12-2010,15107,319.5
01-12-2010,15111,1567.48
01-12-2010,15165,487.75
01-12-2010,15180,87.5
01-12-2010,15192,1044.32
01-12-2010,15194,7616.53
01-12-2010,15211,894.4100000000001
01-12-2010,15221,403.25
01-12-2010,15224,322.08
01-12-2010,15235,2247.51
01-12-2010,15260,1810.77
01-12-2010,15271,2493.34
01-12-2010,15288,2306.52
01-12-2010,15291,4668.3
01-12-2010,15298,4799.9
01-12-2010,15299,4507.01
01-12-2010,15301,5049.95
01-12-2010,15304,694.4000000000001
01-12-2010,15311,60632.75
01-12-2010,15332,1661.06
01-12-2010,15347,201.60000000000002
01-12-2010,15350,115.65
01-12-2010,15351,1934.66
01-12-2010,15353,770.12
01-12-2010,15356,2718.03
01-12-2010,15358,8347.2
01-12-2010,15363,326.0
01-12-2010,15373,2415.91
01-12-2010,15380,1690.2600000000002
01-12-2010,15426,1404.07
01-12-2010,15454,179.1
01-12-2010,15465,7354.62
01-12-2010,15485,2564.5
01-12-2010,15498,13316.4
01-12-2010,15502,10384.93
01-12-2010,15503,141.04
01-12-2010,15513,14758.220000000001
01-12-2010,15514,4023.7200000000003
01-12-2010,15525,734.37
01-12-2010,15529,3962.6
01-12-2010,15544,3546.71
01-12-2010,15545,288.96999999999997
01-12-2010,15547,4910.6
01-12-2010,15555,4794.86
01-12-2010,15570,4148.82
01-12-2010,15574,675.64
01-12-2010,15581,3675.77
01-12-2010,15596,1406.59
01-12-2010,15601,6776.56
01-12-2010,15602,1297.8700000000001
01-12-2010,15605,1198.23
01-12-2010,15628,2870.2400000000002
01-12-2010,15640,12416.11
01-12-2010,15646,447.64000000000004
01-12-2010,15649,816.0
01-12-2010,15658,1024.1000000000001
01-12-2010,15660,1600.86
01-12-2010,15680,1333.68
01-12-2010,15694,6479.4
01-12-2010,15708,3235.25
01-12-2010,15713,356.7
01-12-2010,15716,1101.1100000000001
01-12-2010,15723,190.7
01-12-2010,15732,294.12
01-12-2010,15738,4812.42
01-12-2010,15750,2463.05
01-12-2010,15752,2626.6
01-12-2010,15769,56252.72
01-12-2010,15805,5488.18
01-12-2010,15808,3651.27
01-12-2010,15811,2218.62
01-12-2010,15823,15.0
01-12-2010,15827,1836.0900000000001
01-12-2010,15838,33643.08
01-12-2010,15856,16143.64
01-12-2010,15858,1427.57
01-12-2010,15860,965.16
01-12-2010,15862,832.88
01-12-2010,15867,3810.14
01-12-2010,15880,329.03000000000003
01-12-2010,15881,501.39000000000004
01-12-2010,15882,516.36
01-12-2010,15889,420.07
01-12-2010,15894,258.25
01-12-2010,15898,1383.83
01-12-2010,15899,56.25
01-12-2010,15916,1502.8600000000001
01-12-2010,15919,525.69
01-12-2010,15922,369.5
01-12-2010,15923,127.08
01-12-2010,15945,181.0
01-12-2010,15953,1657.28
01-12-2010,15955,4416.26
01-12-2010,15965,808.87
01-12-2010,15973,307.82000000000005
01-12-2010,15983,1465.12
01-12-2010,15984,2780.63
01-12-2010,15987,1432.77
01-12-2010,15996,1032.58
01-12-2010,15998,3080.22
01-12-2010,16010,392.4
01-12-2010,16011,3352.96
01-12-2010,16013,37130.6
01-12-2010,16016,1465.51
01-12-2010,16019,3786.2400000000002
01-12-2010,16029,80850.84
01-12-2010,16033,8778.82
01-12-2010,16048,256.44
01-12-2010,16059,1453.16
01-12-2010,16062,1153.62
01-12-2010,16065,367.14
01-12-2010,16081,2799.42
01-12-2010,16086,1121.39
01-12-2010,16098,2005.63
01-12-2010,16122,684.4200000000001
01-12-2010,16125,289.35
01-12-2010,16140,725.18
01-12-2010,16143,2424.94
01-12-2010,16150,2053.02
01-12-2010,16161,5533.67
01-12-2010,16163,856.6
01-12-2010,16168,3787.6
01-12-2010,16186,4006.94
01-12-2010,16203,592.9
01-12-2010,16210,21086.3
01-12-2010,16218,3084.68
01-12-2010,16221,860.86
01-12-2010,16233,536.6800000000001
01-12-2010,16241,2590.31
01-12-2010,16244,1522.75
01-12-2010,16250,389.44
01-12-2010,16255,2619.91
01-12-2010,16265,5447.0
01-12-2010,16274,351.75
01-12-2010,16293,2248.9900000000002
01-12-2010,16306,632.27
01-12-2010,16327,3820.27
01-12-2010,16353,6675.71
01-12-2010,16365,1540.42
01-12-2010,16367,800.67
01-12-2010,16385,554.86
01-12-2010,16393,3040.96
01-12-2010,16402,293.45
01-12-2010,16411,211.7
01-12-2010,16422,34684.4
01-12-2010,16455,1841.18
01-12-2010,16456,2158.18
01-12-2010,16477,2494.46
01-12-2010,16499,365.45
01-12-2010,16510,248.1
01-12-2010,16519,215.07999999999998
01-12-2010,16520,1046.57
01-12-2010,16525,13027.45
01-12-2010,16539,1388.81
01-12-2010,16546,787.15
01-12-2010,16550,2298.97
01-12-2010,16552,379.73
01-12-2010,16558,8338.49
01-12-2010,16565,173.7
01-12-2010,16583,233.45
01-12-2010,16596,250.15
01-12-2010,16634,217.9
01-12-2010,16638,1680.72
01-12-2010,16654,601.27
01-12-2010,16656,8625.8
01-12-2010,16658,123.24
01-12-2010,16665,135.39999999999998
01-12-2010,16679,129.75
01-12-2010,16700,5076.55
01-12-2010,16710,2467.99
01-12-2010,16713,6910.78
01-12-2010,16717,3843.08
01-12-2010,16718,606.0500000000001
01-12-2010,16719,1770.22
01-12-2010,16722,4730.81
01-12-2010,16725,758.27
01-12-2010,16727,256.32
01-12-2010,16752,207.5
01-12-2010,16754,2002.4
01-12-2010,16770,757.1
01-12-2010,16775,1691.51
01-12-2010,16779,10611.720000000001
01-12-2010,16781,311.25
01-12-2010,16782,2267.9500000000003
01-12-2010,16795,414.88
01-12-2010,16814,6416.7
01-12-2010,16817,1604.75
01-12-2010,16835,180.85
01-12-2010,16839,16594.35
01-12-2010,16858,375.69000000000005
01-12-2010,16863,502.8
01-12-2010,16873,7123.62
01-12-2010,16883,272.48
01-12-2010,16891,742.43
01-12-2010,16893,145.93
01-12-2010,16898,501.03
01-12-2010,16904,3653.75
01-12-2010,16905,3037.6
01-12-2010,16907,928.76
01-12-2010,16916,562.41
01-12-2010,16919,2592.25
01-12-2010,16923,7069.08
01-12-2010,16926,230.25
01-12-2010,16928,2814.7
01-12-2010,16931,4554.87
01-12-2010,16950,1178.56
01-12-2010,16955,518.67
01-12-2010,16983,1905.87
01-12-2010,17017,8694.26
01-12-2010,17019,1258.08
01-12-2010,17025,357.77
01-12-2010,17026,154.82999999999998
01-12-2010,17059,3080.39
01-12-2010,17062,533.33
01-12-2010,17068,4552.14
01-12-2010,17069,2709.7000000000003
01-12-2010,17076,841.0799999999999
01-12-2010,17085,1562.4
01-12-2010,17091,3827.76
01-12-2010,17097,954.42
01-12-2010,17126,989.45
01-12-2010,17135,1139.73
01-12-2010,17181,239.92000000000002
01-12-2010,17188,2474.23
01-12-2010,17191,2093.68
01-12-2010,17198,692.22
01-12-2010,17211,2317.2200000000003
01-12-2010,17213,2781.23
01-12-2010,17218,1951.97
01-12-2010,17220,3187.55
01-12-2010,17223,416.89
01-12-2010,17227,939.32
01-12-2010,17228,1906.09
01-12-2010,17235,550.06
01-12-2010,17236,916.13
01-12-2010,17238,3719.1
01-12-2010,17243,8540.05
01-12-2010,17251,269.83
01-12-2010,17259,581.23
01-12-2010,17262,1253.3600000000001
01-12-2010,17287,1049.06
01-12-2010,17320,1200.6200000000001
01-12-2010,17324,986.48
01-12-2010,17339,243.36
01-12-2010,17340,12353.29
01-12-2010,17341,682.29
01-12-2010,17346,2622.88
01-12-2010,17372,1337.18
01-12-2010,17377,4058.32
01-12-2010,17381,20275.61
01-12-2010,17396,7330.8
01-12-2010,17402,2633.85
01-12-2010,17406,2184.42
01-12-2010,17412,1258.06
01-12-2010,17419,4226.57
01-12-2010,17420,598.83
01-12-2010,17428,17256.85
01-12-2010,17430,265.76
01-12-2010,17450,194390.79
01-12-2010,17456,249.86
01-12-2010,17460,622.4300000000001
01-12-2010,17470,1125.07
01-12-2010,17491,3558.87
01-12-2010,17511,91062.38
01-12-2010,17519,1844.02
01-12-2010,17526,1195.8999999999999
01-12-2010,17530,2367.12
01-12-2010,17552,930.41
01-12-2010,17567,4331.48
01-12-2010,17572,226.75000000000003
01-12-2010,17576,3564.83
01-12-2010,17581,11025.24
01-12-2010,17591,2203.67
01-12-2010,17596,2806.69
01-12-2010,17616,571.1999999999999
01-12-2010,17618,930.28
01-12-2010,17643,101.55
01-12-2010,17646,1008.39
01-12-2010,17655,2638.94
01-12-2010,17659,2999.46
01-12-2010,17671,1572.71
01-12-2010,17674,551.04
01-12-2010,17675,20374.28
01-12-2010,17676,1371.18
01-12-2010,17677,16345.38
01-12-2010,17682,2474.33
01-12-2010,17685,3155.83
01-12-2010,17690,4726.8
01-12-2010,17691,290.40000000000003
01-12-2010,17696,2285.71
01-12-2010,17706,10504.49
01-12-2010,17720,1195.94
01-12-2010,17722,2424.04
01-12-2010,17732,303.97
01-12-2010,17735,13110.02
01-12-2010,17757,5593.39
01-12-2010,17760,287.59
01-12-2010,17787,1817.54
01-12-2010,17790,1964.3
01-12-2010,17796,690.0
01-12-2010,17802,1285.04
01-12-2010,17809,5411.91
01-12-2010,17812,699.81
01-12-2010,17816,36.56
01-12-2010,17819,3704.87
01-12-2010,17827,1987.33
01-12-2010,17838,2720.8
01-12-2010,17841,40519.84
01-12-2010,17850,5391.21
01-12-2010,17855,208.97
01-12-2010,17857,26879.04
01-12-2010,17858,5140.66
01-12-2010,17860,226.45000000000002
01-12-2010,17863,3160.0
01-12-2010,17865,10526.32
01-12-2010,17869,428.18
01-12-2010,17870,1865.89
01-12-2010,17873,1848.96
01-12-2010,17880,458.92
01-12-2010,17884,695.0699999999999
01-12-2010,17894,1118.96
01-12-2010,17897,541.8100000000001
01-12-2010,17905,798.99
01-12-2010,17908,232.03
01-12-2010,17912,310.06
01-12-2010,17917,335.03
01-12-2010,17920,4119.5
01-12-2010,17924,2962.5
01-12-2010,17925,244.08
01-12-2010,17937,4301.22
01-12-2010,17949,58510.48
01-12-2010,17950,482.2
01-12-2010,17951,1008.5400000000001
01-12-2010,17954,2314.13
01-12-2010,17961,1296.44
01-12-2010,17964,463.21
01-12-2010,17965,2599.19
01-12-2010,17967,112.27
01-12-2010,17968,265.1
01-12-2010,17975,4483.26
01-12-2010,17976,321.79
01-12-2010,17978,300.91999999999996
01-12-2010,17999,380.39
01-12-2010,18004,157.92
01-12-2010,18011,102.78999999999999
01-12-2010,18016,1477.66
01-12-2010,18037,70.02
01-12-2010,18041,4097.37
01-12-2010,18043,529.29
01-12-2010,18055,6761.34
01-12-2010,18061,2119.41
01-12-2010,18065,2392.83
01-12-2010,18071,453.0
01-12-2010,18074,489.6
01-12-2010,18077,2584.41
01-12-2010,18085,689.95
01-12-2010,18092,9068.26
01-12-2010,18102,259657.3
01-12-2010,18109,8004.92
01-12-2010,18113,76.32000000000001
01-12-2010,18116,1403.1100000000001
01-12-2010,18118,5625.08
01-12-2010,18119,180.7
01-12-2010,18144,2888.75
01-12-2010,18156,675.64
01-12-2010,18168,1160.04
01-12-2010,18178,1590.81
01-12-2010,18219,2069.77
01-12-2010,18225,5504.96
01-12-2010,18229,7276.900000000001
01-12-2010,18239,1561.6100000000001
01-12-2010,18259,2338.6000000000004
01-12-2010,18269,168.6
01-12-2011,12364,1313.1
01-12-2011,12367,168.9
01-12-2011,12442,172.06
01-12-2011,12478,680.99
01-12-2011,12558,269.96
01-12-2011,12560,2134.01
01-12-2011,12572,1020.42
01-12-2011,12587,144.0
01-12-2011,12646,1346.97
01-12-2011,12650,314.44
01-12-2011,12673,610.52
01-12-2011,12713,848.55
01-12-2011,12716,1053.49
01-12-2011,12762,1898.52
01-12-2011,12782,2330.92
01-12-2011,12820,942.34
01-12-2011,12912,1662.3
01-12-2011,12925,694.05
01-12-2011,12935,2160.7
01-12-2011,12950,1843.0
01-12-2011,12952,1387.79
01-12-2011,12962,266.39
01-12-2011,12970,405.47
01-12-2011,13017,204.0
01-12-2011,13083,303.75
01-12-2011,13104,1098.48
01-12-2011,13153,486.22
01-12-2011,13159,1429.35
01-12-2011,13298,360.0
01-12-2011,13417,640.83
01-12-2011,13436,196.89
01-12-2011,13471,2501.84
01-12-2011,13521,1071.73
01-12-2011,13536,3444.39
01-12-2011,13560,171.42000000000002
01-12-2011,13596,664.11
01-12-2011,13736,729.8
01-12-2011,13780,360.01
01-12-2011,13790,348.8
01-12-2011,13822,632.0
01-12-2011,13860,1245.9
01-12-2011,13870,2770.94
01-12-2011,13954,439.92
01-12-2011,14075,942.26
01-12-2011,14087,191.47
01-12-2011,14113,1840.42
01-12-2011,14126,706.1300000000001
01-12-2011,14146,4191.0
01-12-2011,14204,150.61
01-12-2011,14219,89.94
01-12-2011,14251,2879.7000000000003
01-12-2011,14287,176.63
01-12-2011,14418,1937.25
01-12-2011,14422,4263.64
01-12-2011,14503,3543.26
01-12-2011,14520,270.6
01-12-2011,14569,227.39
01-12-2011,14572,2804.54
01-12-2011,14578,168.63
01-12-2011,14629,955.26
01-12-2011,14658,247.15
01-12-2011,14698,1217.27
01-12-2011,14759,1625.97
01-12-2011,14769,10416.98
01-12-2011,14788,679.4399999999999
01-12-2011,14804,353.27
01-12-2011,14869,721.45
01-12-2011,14871,501.28000000000003
01-12-2011,14904,1025.44
01-12-2011,14931,1257.68
01-12-2011,14960,221.27
01-12-2011,15060,294.25
01-12-2011,15097,248.08
01-12-2011,15101,317.53
01-12-2011,15123,2199.31
01-12-2011,15172,1624.05
01-12-2011,15195,3861.0
01-12-2011,15237,1412.32
01-12-2011,15274,716.57
01-12-2011,15318,312.62
01-12-2011,15399,815.77
01-12-2011,15443,3213.59
01-12-2011,15471,454.48
01-12-2011,15484,3590.41
01-12-2011,15500,1131.56
01-12-2011,15520,343.5
01-12-2011,15539,538.46
01-12-2011,15568,758.29
01-12-2011,15621,1293.03
01-12-2011,15690,239.76
01-12-2011,15773,635.6800000000001
01-12-2011,15822,885.47
01-12-2011,15877,490.33
01-12-2011,15904,164.68
01-12-2011,15907,882.72
01-12-2011,15948,955.24
01-12-2011,15951,708.22
01-12-2011,15992,41.989999999999995
01-12-2011,16000,12393.7
01-12-2011,16015,704.55
01-12-2011,16038,471.78000000000003
01-12-2011,16119,423.36
01-12-2011,16149,280.52
01-12-2011,16200,1068.8700000000001
01-12-2011,16201,1863.47
01-12-2011,16313,274.15000000000003
01-12-2011,16376,974.96
01-12-2011,16442,609.3
01-12-2011,16446,168472.5
01-12-2011,16496,1599.52
01-12-2011,16513,874.59
01-12-2011,16528,244.41
01-12-2011,16535,593.75
01-12-2011,16569,124.2
01-12-2011,16597,90.04
01-12-2011,16620,178.96
01-12-2011,16642,688.33
01-12-2011,16789,80.8
01-12-2011,16811,547.07
01-12-2011,16851,342.45
01-12-2011,16933,563.23
01-12-2011,16966,2154.97
01-12-2011,16968,439.43
01-12-2011,16987,1616.8
01-12-2011,16988,126.12
01-12-2011,17144,984.57
01-12-2011,17157,319.0
01-12-2011,17232,417.77
01-12-2011,17250,381.97
01-12-2011,17254,271.19
01-12-2011,17266,296.58
01-12-2011,17290,513.01
01-12-2011,17350,1281.32
01-12-2011,17383,193.39000000000001
01-12-2011,17436,216.29999999999998
01-12-2011,17451,1721.4
01-12-2011,17566,869.77
01-12-2011,17579,448.90000000000003
01-12-2011,17590,1468.02
01-12-2011,17631,528.33
01-12-2011,17830,398.7
01-12-2011,17835,342.24
01-12-2011,17914,329.36
01-12-2011,17936,380.13
01-12-2011,17942,77.50000000000001
01-12-2011,18005,226.47
01-12-2011,18015,120.03
01-12-2011,18030,230.64999999999998
01-12-2011,18154,399.19
01-12-2011,18174,104.0
